sku,filename,category,width,height,size_kb,source_url,sha256
TSHIRT-0001,TSHIRT-0001.jpg,TSHIRT,2000,2000,172.4,https://contents.mediadecathlon.com/m19711804/k$aeb428df353dab6952fb196856f07190/picture.jpg?format=auto&f=3000x0,18660a24f77762e35fbe47138b95a29ca79ffc4c80465381e9f64c914cd5eaa3
TSHIRT-0002,TSHIRT-0002.jpg,TSHIRT,1080,1350,249.7,https://images.bewakoof.com/original/men-s-green-oversized-t-shirt-540861-1673427169-2.jpg,bd570328066acf09dd025cee903222549a8dd65a297cd76755709e0873c253da
TSHIRT-0003,TSHIRT-0003.jpg,TSHIRT,489,693,76.3,https://d1csarkz8obe9u.cloudfront.net/posterpreviews/multicolor-t-shirt-design-template-fc4b43626f47a2afb364550aefef0225_screen.jpg?ts=1696231870,e226d21987aa728173e8ba967d6c6c5de7f99411e50426dbae921c1116c41128
TSHIRT-0004,TSHIRT-0004.jpg,TSHIRT,986,1000,84.9,https://5.imimg.com/data5/ANDROID/Default/2023/11/364513472/BE/NN/HK/75211203/product-jpeg-1000x1000.jpg,373acfc6dbcb504f0c5858dcf0730e1a349547b0448c32d2ed28895618db6bc8
TSHIRT-0005,TSHIRT-0005.jpg,TSHIRT,794,794,126.0,https://i.etsystatic.com/44258121/r/il/984929/5306816911/il_794xN.5306816911_8mwu.jpg,31f199d421dd1c4cea8b137bf0df247e3f04ef91b8389f20bba721fbdbaf3062
TSHIRT-0006,TSHIRT-0006.jpg,TSHIRT,750,1000,83.9,"https://ih1.redbubble.net/image.1241801797.6746/gptr,1400x,front,black-c,313,133,750,1000-bg,f8f8f8.jpg",06dfb13fb9c28ace6906c9b9d78147ae505c4879f90bd78ab76acb347e0c754d
TSHIRT-0007,TSHIRT-0007.jpg,TSHIRT,750,1000,64.8,"https://xcdn.next.co.uk/common/items/default/default/itemimages/3_4Ratio/product/lge/U95697s.jpg?im=Resize,width=750",2a7549e1201c3df6097fdeb3b94cebf8b0c3981668808f529ff93f8417fec440
TSHIRT-0008,TSHIRT-0008.jpg,TSHIRT,750,750,40.6,https://www.skhouston.com/pub/media/catalog/product/cache/249608ba4171d44d21805ed7657a13ae/t/s/tshirt_v_neck_red_magic_men.jpg,d4b6c485b446c63e671ff2ed965d44c4e369649eb112c8d5f1836ed5e0b928b3
TSHIRT-0009,TSHIRT-0009.jpg,TSHIRT,1581,2371,202.7,https://i.redd.it/460hrerxkzcb1.jpg,d4595824fc22494ba123018591ac28b8612252c768bd23eefddb28b9613aeb79
TSHIRT-0010,TSHIRT-0010.jpg,TSHIRT,1000,1000,62.4,https://i.pinimg.com/originals/ae/f9/95/aef995cf3b735d26bbc3a28844abbc47.jpg,bdee93489d19e6e7e9de053b7b890c90aaf37e1d221b5e19828dc749f5b591c8
TSHIRT-0011,TSHIRT-0011.jpg,TSHIRT,800,800,54.6,https://muskurado.com/wp-content/uploads/2023/12/India-Logo-Cotton-Tshirt.jpg,3817d12036d45836f24b41e078c7d3176d74a69611dc50d4f2f24c82197cd300
TSHIRT-0012,TSHIRT-0012.jpg,TSHIRT,1200,1200,129.7,http://inspi.com.ph/cdn/shop/files/W-var03.jpg?v=1705908705,3b090cb4689b4d8121a3c75525335dd910339aaee58d7fd2c9323eeb91cefbc3
TSHIRT-0013,TSHIRT-0013.jpg,TSHIRT,2500,3750,604.8,https://i.pinimg.com/originals/35/9a/67/359a673abf247642dc27829e321da04a.jpg,ddb2edeaf02c7815eda5e8923f0d872151dd88564d2415107a7bd1bb6a8d87d2
TSHIRT-0014,TSHIRT-0014.jpg,TSHIRT,1280,1706,366.2,https://images.jackjones.com/12245087/4332885/008/jackjones-basiccrewneckt-shirt-blue.jpg?v=ef9bcdc7c2c2054bb378639a9b173c43&format=webp&width=1280&quality=90&key=25-0-3,431f16abc734337ea9d20531a274e49275d504fc42c307cfdb8578ef87e374a1
TSHIRT-0015,TSHIRT-0015.jpg,TSHIRT,768,899,39.4,https://printnew.in/wp-content/uploads/2021/03/Red-Cotton-V-neck-768x899.jpg,dcfe746c20b40b409de43f18b6a9b5f8332ba791f66606e32fa38cf7a1f4eea8
TSHIRT-0016,TSHIRT-0016.jpg,TSHIRT,1080,1350,90.6,https://bronoun.in/cdn/shop/files/mens-oversized-forest-green-t-shirt-india-4.webp?v=1719421418&width=1445,cd568fdde1173164d39f128a3cecee3b7cc2c1531582642fedea49a4bfb46f08
TSHIRT-0017,TSHIRT-0017.jpg,TSHIRT,1080,1342,46.0,https://warriorworld.in/cdn/shop/files/331-white_47ae5fb2-d90e-4ac8-b7df-42fe9bae573a.jpg?v=1747996228,78954140bffda52d3f172960a2ddf9296ba2d46298e14dc54587e64d407f103c
TSHIRT-0018,TSHIRT-0018.jpg,TSHIRT,1500,1500,132.5,"https://liveview.printerval.com/image/t-shirts-men-heavyweight-t-shirt,black,sprv1-1035281928,2d2d2d.jpeg",32df20bb54e46726026a20e2e304fbbe9a7f98d08cc3714e7669740ede73ecb4
TSHIRT-0019,TSHIRT-0019.jpg,TSHIRT,1800,1800,188.0,https://i5.walmartimages.com/seo/Stylish-Cotton-Short-Sleeve-T-Shirt-for-Latin-American-Heritage-Month-Colorful-LAH-Floral-Design-with-Stars-Celebrating-Cultural-Pride_92db3c8b-868e-478b-a93e-3c0e18f50cdf.0c645b4277ad8fbf38595d29a5a31934.jpeg,2d0a78cf3bc8a4410b31b4482478b75ab8841ad1ede093aee1d830f8e5348fb0
TSHIRT-0020,TSHIRT-0020.jpg,TSHIRT,750,1125,193.3,https://content.moss.co.uk/images/extraextralarge/966863180_04.jpg,206c1a5379dfb887bb73217bb0986ad5be86ccb454c6f317abedf959b58770ce
SHIRT-0001,SHIRT-0001.jpg,SHIRT,1620,2025,112.9,https://api.etonshirts.com/v1/retail/image/1620/bynder/0863f008-0321-46dc-b7d8-a93f3ad0da8e/solid-light-blue-oxford-shirt_2023-12-14T080050225Z.webp,1a4062a7275ff5eb26480466dff703e6c5a07863473af6ee2fb0899bbeae2982
SHIRT-0002,SHIRT-0002.jpg,SHIRT,1200,1600,141.0,https://cdn.shopify.com/s/files/1/0413/5393/7050/products/IMG_2257_1200x.jpg?v=1606377208,5b8ed9ad9c8e45a9c3e93f9082c21fb2de80ca73c08d81e00faa359db49fc2a6
SHIRT-0003,SHIRT-0003.jpg,SHIRT,1080,1440,256.7,https://www.distacart.com/cdn/shop/products/a7013656-f766-407c-b312-0399d13c0b661694605244252-INVICTUS-Men-Shirts-7061694605243859-4_1200x.jpg?v=1705156891,416bffbe0b74650ec0916a6c8fc7bf16bd621256a313dd12821088d9b67b2456
SHIRT-0004,SHIRT-0004.jpg,SHIRT,3000,2400,910.9,https://i.pinimg.com/originals/96/af/45/96af45ee2243e4c927d0897f0002c4a6.jpg,33342ea483c13dffb6a2c4562928c4c303c9b9aca96704fa318a76bd07540d2b
SHIRT-0005,SHIRT-0005.jpg,SHIRT,800,1067,565.6,https://guayatex.com/wp-content/uploads/2023/11/capu1.jpg,ebee409b7b7bf5a1e608d72f5d8496f56ef68799b276af02132c0280a249772e
SHIRT-0006,SHIRT-0006.jpg,SHIRT,400,500,37.8,https://village.ocnk.net/data/village/product/20230302_02f3e4.jpg,55f2d75f8f0c46c8f836f5fe4aa42ff79bfd319dd2c2395bc24dafd37761e5b7
SHIRT-0007,SHIRT-0007.jpg,SHIRT,1620,2025,115.6,https://api.etonshirts.com/v1/retail/image/1620/bynder/5a551e5c-ea14-4871-b433-cdd8e46b8ae9/lightblue-royal-oxford-shirt-soft_2024-03-07T140549233Z.webp,31004aa4bb2b230b9a827657c507b23a077bcf32b9302263a770f07ebb0b3001
SHIRT-0008,SHIRT-0008.jpg,SHIRT,1600,2000,176.3,https://blackberrys.com/cdn/shop/files/Formal_Black_Stripe_Shirt_Regis-MSNM2912Z1NS24FN-image1.jpg?v=1706083770,44a4d32435d4cf225680fff9a85a445adb74f604a249e0e93f5fee44c25037b1
SHIRT-0009,SHIRT-0009.jpg,SHIRT,1080,864,216.6,https://i.etsystatic.com/22793702/r/il/97c32e/4171996261/il_1080xN.4171996261_bkll.jpg,02e4607e4817b61bdb3de0db16f0e8d4d89f7091fd5cc189cdfe495246370563
SHIRT-0010,SHIRT-0010.jpg,SHIRT,1080,1350,121.3,https://frenchcrown.com/cdn/shop/products/2670-KS-ART_1_1080x.jpg?v=1676889385,8e3bbf066101b407fad4e2a9bec5d911bdbfa8ee8febf4d1893ed7e7a4602dbd
SHIRT-0011,SHIRT-0011.jpg,SHIRT,400,500,39.7,https://village.ocnk.net/data/village/product/20230302_1ab9f6.jpg,786a227779a8e4f30554900f867f836e672b0bd6b2edbe0f10128b0427940901
SHIRT-0012,SHIRT-0012.jpg,SHIRT,1200,1200,688.8,http://pjt.com/cdn/shop/products/SHI1277-Light-Blue-Oxford-Shirt-1_1200x.png?v=1686024309,bfd2924be34fd45aaba725d2d7be1c73f8a0f1185914ae0a747685c0f3d9d515
SHIRT-0013,SHIRT-0013.jpg,SHIRT,900,1200,84.1,http://crocodile.in/cdn/shop/files/1_91858fd2-24e8-49ac-a58c-44f22d2e297d.jpg?crop=center&height=1200&v=1714728612&width=1200,abba624d742d68329023bb6344b1570aad49887c9928eb5f2b32b83db2bf9c3a
SHIRT-0014,SHIRT-0014.jpg,SHIRT,598,798,62.7,https://img1.exportersindia.com/product_images/bc-full/2024/6/12798351/mens-formal-stripe-cotton-shirt-1719659553-7499964.jpg,d9fcb6c680e6ed95648f8c7f4f34f442435ff5885611e3602398e3501ad602d7
SHIRT-0015,SHIRT-0015.jpg,SHIRT,3000,2400,729.7,https://i.pinimg.com/originals/fa/fe/a5/fafea569ebbd8ff159407c84e4750d04.jpg,ecc33aae61e07e769319c1e36ecf5f7d6ceaedabe6dd6978aece733d60624c73
SHIRT-0016,SHIRT-0016.jpg,SHIRT,800,800,524.6,https://cdn.shopify.com/s/files/1/0597/0955/4883/products/presidentialguayaberashortsleeve_1200x.png?v=1630348954,d1abe60cbc57193af7918b6624c416c131bbe781699f3f6b4d1a6f688f8be45c
SHIRT-0017,SHIRT-0017.jpg,SHIRT,500,500,15.8,https://5.imimg.com/data5/MI/EB/MY-7131851/kurta-shirt-1000x1000.jpg,db29bb94b390eab49f87dee604ff049236629484e03fc554abfb23468368de4a
SHIRT-0018,SHIRT-0018.jpg,SHIRT,400,500,40.8,https://village.ocnk.net/data/village/product/20230302_2bc8f2.jpg,305b30fb0ce9bb954ae2166498cf9c540bb14d697b51d7a59923cab2a7b56026
SHIRT-0019,SHIRT-0019.jpg,SHIRT,3840,4800,881.1,"https://media.everlane.com/images/c_fill,w_3840,ar_4:5,q_auto,dpr_1.0,f_auto,fl_progressive:steep/i/2b8f1005_0545/mens-organic-oxford-shirt-light-blue",2dba836fb9fce035be0c592b65144b4d877efcd57c94bdf867026b61d74179da
SHIRT-0020,SHIRT-0020.jpg,SHIRT,1200,1600,525.8,https://images.thebestshops.com/product_images/original/beige-linen-shirt-shop-online-fay-00000162675f00s004.jpg,cc31a478e5fd759228ac1c7f47eab58e1d40a350fe012a92973e9bddb61b56ae
JEANS-0001,JEANS-0001.jpg,JEANS,1500,2250,292.7,https://assets.newme.asia/wp-content/uploads/2025/05/181030214fd581d9/NM-IN-56-JNS-25-APR-16336-BLUE(1).webp,482a21292508611b6c35d62757da2ce228491abc239a9d1677902d3791e078fe
JEANS-0002,JEANS-0002.jpg,JEANS,2640,4048,905.5,https://i.pinimg.com/originals/7a/bb/7b/7abb7bd1fa0671cb90b3e25607165e97.jpg,e7a7f07a62257ff5746446f621d3b210bb532efab06edee070c06c17cf4f4bb9
JEANS-0003,JEANS-0003.jpg,JEANS,740,1180,222.8,https://cdn-img.prettylittlething.com/5/1/7/e/517e443fe789cd60bece285c2f0f83147f09f1fb_cnf7893_5.jpg?imwidth=2048,f779dd2afe02cb6ffbe0a21020596a1b23b754420f7c6c95a7011a7e7fdba5ce
JEANS-0004,JEANS-0004.jpg,JEANS,1200,1796,465.6,https://cdn.shopify.com/s/files/1/0293/9277/files/08-05-24_S2_41_AP40564F_LightWash_RA_RL_15-49-07_39682_SG.jpg?v=1722986553&width=1200&height=1796&crop=center,a9a0e705b4c5dad86bf911d4b6af9aa05cb02f2ade0664ebe151568032b93301
JEANS-0005,JEANS-0005.jpg,JEANS,1968,2944,472.9,https://cdn.shopify.com/s/files/1/0293/9277/products/Fashion_Nova_06-19-17-468.jpg?v=1523397187,6ad5804ae50218e9a84f8a78bae4d50e09bcc1ed74a1753c59509ad03e09db7c
JEANS-0006,JEANS-0006.jpg,JEANS,1080,1440,182.0,https://cdn.fynd.com/v2/falling-surf-7c8bb8/fyprod/wrkr/products/pictures/item/free/original/8907760006414/W6kMxguAaU-8907760006414_6.jpg,b12187c51eadb8510906c3e0d9846ae857029a212fc1db581de42dc24466e838
JEANS-0007,JEANS-0007.jpg,JEANS,1024,1024,46.9,https://thursdayboots.com/cdn/shop/products/1024x1024UB-Tapered-BlackStretch-LB-1.jpg?v=1621444201,1f02dd4e8f037fd4c2cc0f00f9412789198f66d56f1e9e9531998ba4a947634b
JEANS-0008,JEANS-0008.jpg,JEANS,1500,1500,151.8,https://jeanbase.co.uk/wp-content/uploads/MalcolmGrey.jpg,9b0bf6a1020bc2ca9c110058dc344c7d905141f062ebee3bef6661e6d173ffa0
JEANS-0009,JEANS-0009.jpg,JEANS,900,1879,911.9,https://cdnb.lystit.com/photos/d911-2014/08/02/madeworn-blue-distressed-jeans-product-1-22204697-7-634646393-normal.jpeg,de7170bbde61fda0b4a643c093bf963ab162fa39f6f9d7911a5fe477b17fd36e
JEANS-0010,JEANS-0010.jpg,JEANS,2624,3936,676.8,http://cdn.shopify.com/s/files/1/0293/9277/products/10-29-18_Studio_2_13-34-14_P88_DarkDenim_0435_DM.jpg?v=1540856014,a7b255ee734709a6062b4b995795c17b0dbc01339c031cd6636e7c449d52face
JEANS-0011,JEANS-0011.jpg,JEANS,1340,2014,299.2,https://www.na-kd.com/globalassets/melissa_bentsen_light_wash_straight_jeans_1687-000002-0387_03h_r.jpg?ref=568550090E,1a3b325ee6ed59b93bdbe97ebe2451ea091e9e67ab99c143d962f5166537f859
JEANS-0012,JEANS-0012.jpg,JEANS,704,1056,70.5,https://fadebyher.com/wp-content/uploads/2023/04/cover_1056x704-3-rotated.jpg,2504118bc319b04144a4d785cef9e9b80758a9fbf9da15df6dce10fa4f715b6d
JEANS-0013,JEANS-0013.jpg,JEANS,1500,2000,284.9,https://oldnavy.gap.com/webcontent/0017/288/410/cn17288410.jpg,f32426f3e148222e9d03288500e1c1034e8c31ae8d1d45d6656794a0953b24f4
JEANS-0014,JEANS-0014.jpg,JEANS,1231,1800,165.8,https://squirehood.com/cdn/shop/products/light-grey-denim-slim-fit-jeans-for-men-RKSQ52_4_1800x1800.jpg?v=1681460092,013df6d69254efd45fbcddc7cbbae4d0cc8ffbf9ecdd847ff611103d334f3b65
JEANS-0015,JEANS-0015.jpg,JEANS,1440,1920,456.7,https://siarr.co.uk/wp-content/uploads/2025/05/thumbnail_IMG_7483.webp,8e23e5732a171b06e8a56776028c2da4e49d7730e5f9616768b2ee1d1a968c2c
JEANS-0016,JEANS-0016.jpg,JEANS,1350,2094,382.4,https://www.stylestate.com.au/media/catalog/product/cache/eb5d134715e137451832c6afa656ed39/s/d/sdm129_blue_2.jpg,d27792c47db7a037707ea946250df095f97626e95ceb6693af858e6ffe8d43dc
JEANS-0017,JEANS-0017.jpg,JEANS,800,800,61.7,https://resources.mandmdirect.com/Images/_default/k/o/3/ko30158_1_cloudzoom.jpg,8105196e16d619c6123c68e2195106286906696aa7f34af4c765ba058aec100c
JEANS-0018,JEANS-0018.jpg,JEANS,1340,1785,525.2,https://offduty.in/cdn/shop/files/Cottnline_Jean_Taille_Haute_Ample__Mode_en_ligne__SHEIN_FRANCE_main_0_81e0584d-3aed-4db5-8ab9-6074c774014a.jpg?v=1731393868,08a99e596d2209d94c52fb59287e6e00931c9042b1ca5a66282d027b7296a6aa
JEANS-0019,JEANS-0019.jpg,JEANS,1500,2000,467.5,https://oldnavy.gap.com/webcontent/0053/769/947/cn53769947.jpg,1a81d25929e40d0632ea7703a276bed6a17b6ad0f5562e687c613574291859c5
JEANS-0020,JEANS-0020.jpg,JEANS,1080,1350,112.8,https://images.bewakoof.com/original/women-s-grey-slim-fit-high-rise-clean-look-stretchable-jeans-386958-1656150312-1.jpg,9af85d366a6ce38f2b15d2757f51234f453377450f4c59f49d67311a9def3e11
JACKET-0001,JACKET-0001.jpg,JACKET,1200,1200,133.2,https://scale.coolshop-cdn.com/product-media.coolshop-cdn.com/AJ63BF/a41bfe1a75604f13a6be3e4a845cb837.jpg/f/urban-classics-light-bomber-jacket-dark-olive.jpg,8eedcb0020339b6df21768b5d4aca233f21b0d2dc740376ed75a8916efd5c05a
JACKET-0002,JACKET-0002.jpg,JACKET,1000,1000,1554.1,https://mensify.pk/wp-content/uploads/2024/11/Denim-Blue-Front.png,07f683baf1d32590c84fb1d7989a3303bf9ec4b7a17be6d036b82c2d7c6e09c5
JACKET-0003,JACKET-0003.jpg,JACKET,1252,1500,91.6,https://thegenuineleather.com/wp-content/uploads/2019/08/Brown-leather-Jacket-for-men.jpg,9c333a2537bf0ff69dc59253b7c4822dafd1421ec03fd9f987550fc8e910b245
JACKET-0004,JACKET-0004.jpg,JACKET,500,580,418.8,https://pufferjacket.weebly.com/uploads/1/4/4/5/144533860/red_orig.png,9a074c248c395c1b7d10f5bda97a9684e2672e992141a5aff2a13919ae35614d
JACKET-0005,JACKET-0005.jpg,JACKET,800,800,277.5,https://www.roarshade.com/admin/pimgs/NW-VJ-101_37_1.jpg,7e23e071754f11e90445c35e52e97f29b313dad48020e8d1c85fd73e40b2b2ae
JACKET-0006,JACKET-0006.jpg,JACKET,2400,2400,173.3,http://bdgastore.com/cdn/shop/files/helmutlangUTILITYJACKETKHAKIO01HM105_1.jpg?v=1711031203,e0c69f3617c9d52ad942cf00b6eb7419a28b64f8832e889e632dfaf154265d9f
JACKET-0007,JACKET-0007.jpg,JACKET,810,1080,95.5,https://media.karousell.com/media/photos/products/2024/3/9/japanese_workwear_jacket_1709978508_25ac69f0.jpg,3d17785688fbb6a5ea80e518b0d813f0db950c989fdde808132e1b5fa454a90d
JACKET-0008,JACKET-0008.jpg,JACKET,1792,2304,318.3,https://kalawear.com/cdn/shop/files/Classic_Blue_Denim_Jacket.jpg?v=1725947005,535e3f872cee559ca1983a99e6364008811fa8bdacb2bfff26183a1f135b1904
JACKET-0009,JACKET-0009.jpg,JACKET,500,600,39.1,https://thegenuineleather.com/wp-content/uploads/2024/01/Vintage-Brown-Leather-Jacket-500x600.webp,132c2efbd05590662e73e1579741eb64b8359f9721be45625d7716eb2fc44b47
JACKET-0010,JACKET-0010.jpg,JACKET,800,800,31.2,https://jacketpop.com/wp-content/uploads/2023/01/Winter-Mens-Hooded-Parachute-Red-Puffer-Jacket.webp,1dca92e5f0c60fbb93f54814e9d12a85d54d8d7894d26b570d31f775b9f1603e
JACKET-0011,JACKET-0011.jpg,JACKET,1000,1000,55.9,https://sc04.alicdn.com/kf/U7a05ff70400f4e0e9856ad4c449c1afde/7011098351/U7a05ff70400f4e0e9856ad4c449c1afde.jpg,a2f92c000e6968d80fa711b1f96f6e3f4828d7491180514684deeb38e04b8d16
JACKET-0012,JACKET-0012.jpg,JACKET,1000,1000,94.1,https://di2ponv0v5otw.cloudfront.net/posts/2020/05/26/5ecd941de2c432347f688125/l_5ecd9428691412d1f60c9518.jpeg,82d66acc12c6025b28b9a5617d8f0d04578ca1aefadac1e2036b44fe93f2ea70
JACKET-0013,JACKET-0013.jpg,JACKET,865,1080,152.2,https://media.karousell.com/media/photos/products/2023/7/21/japanese_workwear_jacket_1689931187_681146d2_progressive.jpg,39d89007f043495df9c769e7d5139e71359f5e041fe965659456d74cdac82fe2
JACKET-0014,JACKET-0014.jpg,JACKET,1600,2000,194.9,https://www.mohawkgeneralstore.com/cdn/shop/files/259674_IMG_0260.jpg?v=1711145293,29507e37553c8962c38db2533b25b3da868bedf5e51d978310eb3bccfba10a30
JACKET-0015,JACKET-0015.jpg,JACKET,1000,1000,138.4,https://www.thejacketmaker.com/cdn/shop/files/Men_s_Lavendard_Brown_Leather_Biker_Jacket-2_746fba86-1fbc-43f9-a9d5-1e400876d80d_1024x1024.jpg?v=1752055873,8ee22b26af8034dc10a2aecfb5cbaea8d20ccaa6811c168eea1e3bc3f911416d
JACKET-0016,JACKET-0016.jpg,JACKET,1080,1440,244.4,https://rigo.in/cdn/shop/products/WJK003-1005Pic-1.jpg?v=1669022755,0452e4150779466cce60628b06f887b503670c99ace0debf212e1fc0ea0c81a2
JACKET-0017,JACKET-0017.jpg,JACKET,1064,1064,87.3,https://varsityjackets.co.uk/wp-content/uploads/2023/12/01-23-1064x1064.jpg,c32d09a6170d92028155bc5d1a6a49ad57f3144bdcc52f85a62b7a474cc63112
JACKET-0018,JACKET-0018.jpg,JACKET,500,500,24.8,https://www.mountainkhakis.com/cdn/shop/products/Mens_Alpine_20Utility_20Jacket_Retro_20Khaki_M42_Back_500x500.jpg?v=1696532757,1e199f360f5ac0149531ca7dbe4597bfc9fa7c73b170752d9a9907eb1c4c7cbd
JACKET-0019,JACKET-0019.jpg,JACKET,900,728,90.7,https://media.karousell.com/media/photos/products/2025/5/23/tobiryu_japan_workwear_jacket_1747964902_ba03a2d3.jpg,b7bd00929c4f055aa69eb970d6a5457c5d0101f4c8167540f116b7bb9e92da90
JACKET-0020,JACKET-0020.jpg,JACKET,1080,1440,118.0,http://assets.myntassets.com/assets/images/11970718/2020/8/7/3f54a65f-0550-41f1-8e07-ecc2bed1b8fe1596776151823-Roadster-Men-Olive-Green-Solid-Bomber-4691596776149503-1.jpg,e277bb0400cfe0d5ffc812f2ee9e9d4067be992a24f18c54a87cf7e9f4820b28
DRESS-0001,DRESS-0001.jpg,DRESS,832,1248,101.7,https://balticborn.com/cdn/shop/files/DSC09501_2000x.jpg?v=1704416365,a2b90a1a7a3d3444ab4c58a7fa67180091476401acd8f0da86456723780a5a4b
DRESS-0002,DRESS-0002.jpg,DRESS,1365,2048,299.2,https://www.reddress.com/cdn/shop/files/12-12-24pt.II311750.jpg?v=1734619907&width=1365,1c97dd0f05fc381091f7364c4727ee685a013683f662a842e2453c8dcb4ba276
DRESS-0003,DRESS-0003.jpg,DRESS,1235,1601,69.8,https://images-na.ssl-images-amazon.com/images/I/61DSeFPZanL.jpg,bbffa79d7f7cc3c1ff31511aaed6b4aed56efeca6065c261e78ca305e8c2c9f5
DRESS-0004,DRESS-0004.jpg,DRESS,750,1125,193.9,https://d08ae3d6314770ae1b82-71a706a6e33e794f7556e17fa6297193.ssl.cf2.rackcdn.com/product-original-613289-23391-1452772762-c75efe4de96aeb9cf28a1b77d5a78246.jpg,0c7c162589c1ea0db062e3b45edf54474fdda7689be73e364b6ac41dbfc98183
DRESS-0005,DRESS-0005.jpg,DRESS,227,500,24.3,https://5.imimg.com/data5/WHATSAPP/Default/2024/12/477256009/NE/VV/CZ/4617008/new-product-500x500.jpeg,f67cf5c5f5286fcda5b9b0ebd5a3b2df5d1d7f1426ef4ce1e95933612f6183e9
DRESS-0006,DRESS-0006.jpg,DRESS,736,919,177.2,https://i.pinimg.com/736x/16/d5/e8/16d5e8356934c6193cce55df886fad24.jpg,7342d4f2122e34534cc8d1f9e16fc57b65094ca374822a64940e8a82fe784fc0
DRESS-0007,DRESS-0007.jpg,DRESS,1200,1600,72.8,https://sc04.alicdn.com/kf/H25b5148570de4f6c8b138999272fd463u.jpg,91e28bc80ca063b6ecd5dfce4f442da9721fa8fb8740608ded8149350acf21dd
DRESS-0008,DRESS-0008.jpg,DRESS,1365,2047,433.4,https://cdn.shopify.com/s/files/1/0800/4863/products/Blush_Floral_Dress_2048x2048.jpg?v=1491421790,4a3ddf103179de13e6996b1ffe02d1b15c571619ea07dd8779cade41f02779b4
DRESS-0009,DRESS-0009.jpg,DRESS,560,840,43.5,https://www.lulus.com/images/product/xlarge/11234641_2306711.jpg?w=560,9eee570fc81a7381bfd3004aef68b6441303ca0faf17ea6a6aa094fe17a54984
DRESS-0010,DRESS-0010.jpg,DRESS,1500,1999,331.2,https://www.thedressoutlet.com/cdn/shop/files/3481_BLACK.jpg?v=1728322583,a59ea07056f02f75ef1ead40be4439fcf1c88c50de13dbcce126db33b8b24853
DRESS-0011,DRESS-0011.jpg,DRESS,870,1110,199.5,https://cdnc.lystit.com/photos/2012/05/02/asos-yellow-asos-summer-dress-with-frill-sweetheart-neck-product-1-3412097-969484271.jpeg,fc8ae436dc091861be086ac0c277d9f29717289d4b4efe93c8746acbc0f7a384
DRESS-0012,DRESS-0012.jpg,DRESS,750,1333,155.3,"https://i0.wp.com/www.theunstitchd.com/women/wp-content/uploads/2017/12/bridal-anarkali-dress.jpg?fit=750,1333",7bf9b97ea8957bb368ff1d89a7802435a6874c8ecf9d8fb56bec3ecebcb96c7a
DRESS-0013,DRESS-0013.jpg,DRESS,1500,2000,395.2,https://i5.walmartimages.com/seo/BintaRealWax-Ankara-African-Dresses-Women-Traditional-Ghana-Elegant-Short-Sleeve-High-Waist-Print-Maxi-Dress-Africa-Clothing-Wedding-WY3629_d6139b31-afaa-45d5-9a39-86916cc74773.c0e28c1177e1a79e850ceef9dea48d51.jpeg,9e4c467a6c69b367f5388fab2fcd65de0f556e7d2d6977c781cc76862dbe1c83
DRESS-0014,DRESS-0014.jpg,DRESS,505,864,82.2,https://is4.revolveassets.com/images/p4/n/d/ASTR-WD550_V2.jpg,16b349bf9243cfd1157388187fc9138074ef16ff77710bbca03c8c23353dc6fb
DRESS-0015,DRESS-0015.jpg,DRESS,1080,1350,370.4,https://i.etsystatic.com/26357678/r/il/a3556c/5279758245/il_1080xN.5279758245_fjw1.jpg,7e093262422270588bc9090fb351f473f1ebd2c85f30b5cfbf032eba1f3ceec7
DRESS-0016,DRESS-0016.jpg,DRESS,1200,1500,353.2,https://cdna.lystit.com/photos/979a-2015/01/23/tadashi-shoji--sheer-sleeve-lace-cocktail-dress-product-1-26010451-0-929580993-normal.jpeg,66aff528559f91987c5f5e41534f895586cc8560256ddd26a86619336ad56ce0
DRESS-0017,DRESS-0017.jpg,DRESS,996,1297,337.7,https://img.freepik.com/premium-photo/yellow-summer-dress-yellow-dress-wooden-background-woman-s-garment-warm-season-stylish-piece-clothing_274234-8686.jpg?w=996,6edd7d97bb375d9a7f4f55242870a71d194be455e4231366cda538600ad3333d
DRESS-0018,DRESS-0018.jpg,DRESS,800,1100,112.1,https://images.cbazaar.com/images/faux-georgette-printed-anarkali-gown-with-u-neck-and-full-sleeve-bgwrssc8001-u.jpg,8ba497d86ccfb7551715ce6aafe934b13c8d8d18b86ddac79e9a850682ec681b
DRESS-0019,DRESS-0019.jpg,DRESS,1461,1461,445.9,https://houseofprints.uk/cdn/shop/products/flare-african-print-dress-510944.jpg?v=1674147057,1e1b0a5e51d027ed1295b8fa31b0070c76b4b00d1cfd8983d9aeae41dd57e9fd
DRESS-0020,DRESS-0020.jpg,DRESS,667,1000,127.3,https://www.hellocurve.com/cdn/shop/files/plus-size-pink-floral-off-shoulder-maxi-dress_1_950x.jpg?v=1716121868,29bc1357517a33ce4f656e9d8183f2f29df678e51782c4ea52b789742ca882f4
TSHIRT-0021,TSHIRT-0021.jpg,TSHIRT,1200,1200,69.5,https://www.epicfits.com/cdn/shop/files/slate-crew-model-front_angle-manny.jpg?crop=center&height=1200&v=1731002469&width=1200,f707043e0e2c5c3fcb599bcb3f18adb51d601016e0175bbe4c3f883dd00253d3
TSHIRT-0022,TSHIRT-0022.jpg,TSHIRT,2048,2731,215.7,https://www.urbanneeds.in/cdn/shop/files/9.jpg?v=1702388956&width=2048,318626378941b5d72fb47e30129f84e85f26f639a86a90e235880df81aceaadf
TSHIRT-0023,TSHIRT-0023.jpg,TSHIRT,1080,1342,97.0,https://warriorworld.in/cdn/shop/files/106-yellow_031b5bde-a481-44c0-8432-b171cbe15d58.jpg?v=1714743112&width=1445,c39d9d3d61bf14b1e06dc37788d491b02e81dd5b3d5e768f1f2788d6aa0f2b6d
TSHIRT-0024,TSHIRT-0024.jpg,TSHIRT,600,600,35.7,http://www.merchology.com/cdn/shop/products/6240_Red_HTF_grande.jpg?v=1571269118,6c9d6b7f9b7747db75892fa9d37aec9c9ea0195fa773a2e1938f327a78da23c0
TSHIRT-0025,TSHIRT-0025.jpg,TSHIRT,2048,2731,224.8,https://www.urbanneeds.in/cdn/shop/files/8.jpg?v=1702388956&width=2048,6208e26c99b0b5d9ff6f9ea21b672fe507991be107dd046251de4249728b71e8
TSHIRT-0026,TSHIRT-0026.jpg,TSHIRT,612,792,37.2,"https://ecdn.teacherspayteachers.com/cdn-cgi/image/format=avif,quality=70,onerror=redirect/thumbitem/Hiragana-Practice-Worksheets-Minimal-Theme-Stroke-Order-Beginner-Japanese-16039139-1775929928/750f-16039139-2.jpg",feacd2c029f0907d9bc4b94ddec4c9e36b8624d711d0a7b10553d50de4fa7948
TSHIRT-0027,TSHIRT-0027.jpg,TSHIRT,1200,1600,545.3,https://images.fcwholesale.com/TP/6/TP6503-RED-03.jpg,7cf6133bfdd91e515910423168c41bc68a137dbe325e32573bbad35729c8d809
TSHIRT-0028,TSHIRT-0028.jpg,TSHIRT,980,1307,95.7,https://besick.in/wp-content/uploads/2023/10/Dark-green-women-1-greybg-980x1307.jpg,b79927947897eb1467ddc5e1aa31c44be0b0a23bffba1dcac72c92e6ce0262ca
TSHIRT-0029,TSHIRT-0029.jpg,TSHIRT,1080,1342,110.5,https://warriorworld.in/cdn/shop/files/130-navyblue_446a62c5-7ffd-4bb0-95e9-3e1cab209296.jpg?v=1714742884&width=1445,cfeef60c3df258e25ca6c3bd5a02aafcb01fe64fb9aeb35051964ef9635224ba
TSHIRT-0030,TSHIRT-0030.jpg,TSHIRT,630,630,64.2,"https://images.teepublic.com/derived/production/designs/90265693_0/1775651522/i_m:bi_production_blanks_mtl53ofohwq5goqjo9ke_1462829015,c_0_0_470x,s_630,q_90.jpg",9e6da60dfbf13cf960c162e67c261c6fcca6b41409f01510ec3fc03c45b22022
TSHIRT-0031,TSHIRT-0031.jpg,TSHIRT,510,510,19.2,https://cdn1.brandability.co.za/2020/11/21130000/Unisex-V-Neck-T-Shirt-Red-510x510.jpg,b248de977b98398abe95db291dfe5162514900e4193e0302550c224971e82f84
TSHIRT-0032,TSHIRT-0032.jpg,TSHIRT,1080,1350,609.3,https://images.bewakoof.com/original/women-s-green-oversized-t-shirt-634065-1746507163-1.jpg,90047739a1ca24e8315b6d87110f3872b5b0688b04f47987c3ac190c66e49334
TSHIRT-0033,TSHIRT-0033.jpg,TSHIRT,2048,2048,291.7,https://i.etsystatic.com/53567853/r/il/da5da9/6192470315/il_fullxfull.6192470315_9bbq.jpg,20dd23d2abb93212d6fb513d80078fa97f456b6826760019efcaa3ec94e85fe2
TSHIRT-0034,TSHIRT-0034.jpg,TSHIRT,1080,1440,103.1,https://n3.sdlcdn.com/imgs/i/k/d/Indian-Terrain-100-Percent-Cotton-SDL317035510-3-487b9.jpg,1c74c8e23b145dbf3018a309a5cf74b8d6f58a0be588754a487be9293080e47a
TSHIRT-0035,TSHIRT-0035.jpg,TSHIRT,630,630,102.5,"https://images.teepublic.com/derived/production/designs/90265635_0/1775651246/i_p:c_ffffff,wmk,s_630,q_90.jpg",769245390e86084715c4095d4dd888dcced4058eb7f266b03af7128f8485e362
TSHIRT-0036,TSHIRT-0036.jpg,TSHIRT,600,600,55.6,"https://ih1.redbubble.net/image.1241801628.6746/ssrco,slim_fit_t_shirt,mens,fafafa:ca443f4786,front,square_product,600x600.jpg",bf79a099920fcfd07f23180608f102f09f0b431eb9602bd91e093dde0c58a4ae
TSHIRT-0037,TSHIRT-0037.jpg,TSHIRT,600,600,17.1,https://www.fandc.co.za/wp-content/uploads/2026/03/SKU-0128270-Billabong-Arch-Crew-Neck-Sweat-Top-Sea-Green-copy-600x600.webp,eac7ce083f0275f4da42dae39367ac0bee84422776e01e2db5e6bd487548a93f
TSHIRT-0038,TSHIRT-0038.jpg,TSHIRT,500,500,34.9,https://www.cottonbest.ca/wp-content/uploads/2016/07/Ladies-V-neck-Red.jpg,f989e2a0ac259b8a13326631aac0b9688bc87c3be749c83d11c1dc4f30dd4972
TSHIRT-0039,TSHIRT-0039.jpg,TSHIRT,923,1200,97.0,https://www.nobodyschild.com/cdn/shop/files/T251067GRN_BK.jpg?v=1739206237,90deeea9d1c8d7eb11417f31947473fdcad4995526660e2843f846af32a74a4c
TSHIRT-0040,TSHIRT-0040.jpg,TSHIRT,1000,1204,214.8,https://d23b5yck4idk5n.cloudfront.net/wp-content/uploads/2023/08/2f1f4681-df74-467d-b868-af10619c9fd9.jpg,0ca690c028aca4eb492b123e6f9331c987087771a253272dd39fb7dcae1bc7f2
TSHIRT-0041,TSHIRT-0041.jpg,TSHIRT,354,500,16.6,https://5.imimg.com/data5/BD/AW/SI/ANDROID-107169379/product-jpeg-500x500.jpg,c9dc9a2660ef343016f7b241b08650801549181031ee8fa986fb51ae368edf35
TSHIRT-0042,TSHIRT-0042.jpg,TSHIRT,630,630,60.2,"https://images.teepublic.com/derived/production/designs/90616162_0/1776237540/i_p:c_191919,s_630,q_90.jpg",bf2b0bedde21817c1171638f93c06742af55cd7c26e60d23dbf19c5479d3a188
TSHIRT-0043,TSHIRT-0043.jpg,TSHIRT,749,1000,125.0,"https://ih1.redbubble.net/image.1241801628.6746/ssrco,slim_fit_t_shirt,mens,fafafa:ca443f4786,side,tall_three_quarter,750x1000.jpg",5c99252fe8a7985c614b9a95b30f4f417d481be5d121ec837144459e08932748
TSHIRT-0044,TSHIRT-0044.jpg,TSHIRT,1020,1360,166.8,https://img-lcwaikiki.mncdn.com/mnpadding/1020/1360/ffffff/pim/productimages/20261/9222501/v2/l_20261-s6e758z8-cvl-95-73-92-185_a2.jpg,290189799d04b5da6b1549f1eb7f1c4ab528e5da2a11925483b51901ccdb930e
TSHIRT-0045,TSHIRT-0045.jpg,TSHIRT,800,892,332.8,https://shirtup.com/cdn/shop/files/8337432084810_43693545881830_RED.png?v=1729169466&width=800,27907503881707481526df80ab804f9dfe2d2c97956a1c0a10b2db162b536aaf
TSHIRT-0046,TSHIRT-0046.jpg,TSHIRT,1080,1350,356.9,https://images.bewakoof.com/original/women-s-green-customizable-streetwear-oversized-t-shirt-589880-1682322184-1.jpg,7ac5cf3afd3218f21a3b06e33e81bb963252ffc943b6022656dc51fb85032572
TSHIRT-0047,TSHIRT-0047.jpg,TSHIRT,1000,1400,63.5,https://imgshopimages.lbb.in/catalog/product/t/r/trendy_divvaaa08_3.jpg,57b5d86a7c0113660f7fbd7631506d7c2ad3154de56a2dc8020ceea39f8cd634
TSHIRT-0048,TSHIRT-0048.jpg,TSHIRT,630,630,83.8,"https://images.teepublic.com/derived/production/designs/90505637_0/1776064449/i_p:c_191919,s_630,q_90.jpg",788afeb929afb0dc27d51b0e2f4e383bba49de377a5222051a73c3ef01df9b34
TSHIRT-0049,TSHIRT-0049.jpg,TSHIRT,1080,1440,139.5,"https://assets.myntassets.com/h_200,w_200,c_fill,g_auto/h_1440,q_75,w_1080/v1/assets/images/16980002/2022/1/29/3453b6d2-a8ae-49b3-9a04-61cb7719dfa01643463144778MasculinoLatinoMenNavyBluePrintedPocketsT-shirt1.jpg",29760def3732f24d89cd68ff852dc71438805024490512be85bf61b6e29da995
TSHIRT-0050,TSHIRT-0050.jpg,TSHIRT,736,981,46.8,https://i.pinimg.com/736x/da/f6/bf/daf6bf58e79b46a68b7ef86b088acb63.jpg,3b84f7d099fd74553fe37fe5a541341e4177efdc23b887710cc755a4408a0625
TSHIRT-0051,TSHIRT-0051.jpg,TSHIRT,250,253,29.4,https://tshirtsprint.in/wp-content/uploads/2023/04/Red-Cotton-Tshirt-v-neck.png,8c74d1c2e88571651cb5c6884d40e5ea59d0fa3ba55bcd562d9cee9000fb1475
TSHIRT-0052,TSHIRT-0052.jpg,TSHIRT,1560,1906,322.5,https://www.wanderlooms.com/cdn/shop/files/Artboard_10_33a4abbb-e2b3-4a5a-be7c-bfb7e3852a46.jpg?v=1753197779&width=1560,168eb69e730a20da6cc62d3c5d6d4067162d71cf63a9c4826a7c69bf8553da8b
TSHIRT-0053,TSHIRT-0053.jpg,TSHIRT,3750,3750,243.2,https://g.sdlcdn.com/imgs/k/6/h/Tshirts-Buddy-Men-Cotton-Blend-SDL631572107-1-940fc.jpg,0184df13b0d4080ebc5a8e0140477a1848cefd7ed61c3dae3701d875c5b0733e
TSHIRT-0054,TSHIRT-0054.jpg,TSHIRT,630,630,83.1,"https://images.teepublic.com/derived/production/designs/89878732_0/1775021224/i_p:c_191919,s_630,q_90.jpg",a9d747e0ab5f3e95a322a967fed0de4325de1276b3ad2a73b985a971da014541
TSHIRT-0055,TSHIRT-0055.jpg,TSHIRT,1200,1200,175.5,https://image.theageofmiraclesbook.com/wp-content/uploads/2024/05/1/latina-pride-men-tshirt.jpg,91c013a111aef3527a0e24402574e10b4bedb9f85375e5351030aa240aca2f03
TSHIRT-0056,TSHIRT-0056.jpg,TSHIRT,600,600,26.2,http://cdn.shopify.com/s/files/1/0312/6537/products/6240_Red_F_grande.jpg?v=1571269118,2d779e22a57bb22190a30c3fd28b70b3e51e8768244f3c4bc5fc8f5be13919a1
TSHIRT-0057,TSHIRT-0057.jpg,TSHIRT,500,500,31.0,https://5.imimg.com/data5/FJ/XP/LW/ANDROID-107169379/product-jpeg-500x500.jpg,d429e6f90e0a95db6cd3fa2d393eaa7a07803a70b5565189990f1aa5b107e06c
TSHIRT-0058,TSHIRT-0058.jpg,TSHIRT,630,630,87.8,"https://images.teepublic.com/derived/production/designs/90377596_0/1775815891/i_p:c_191919,wmk,s_630,q_90.jpg",8641eddb482ea96f8926fcb4857460a67cd07f3d4acb6f0a78748723d286f026
TSHIRT-0059,TSHIRT-0059.jpg,TSHIRT,600,600,46.3,"https://ih1.redbubble.net/image.763207189.9082/ssrco,slim_fit_t_shirt,mens,101010:01c5ca27c6,front,square_product,600x600.u5.jpg",3fb2f82d15b6259860e6100c8149138843d2200057f144f138f40fb0e130a6e7
TSHIRT-0060,TSHIRT-0060.jpg,TSHIRT,1200,1200,62.6,http://woolandprince.com/cdn/shop/files/20241219_WP_00028_100CrewNeckTee_LightBlue-LR.jpg?v=1735253337&width=1200,7e64627da81a8b73fe37f132d50e85fe6871ee8a8f585be0d62668f86128e213
TSHIRT-0061,TSHIRT-0061.jpg,TSHIRT,1445,1766,109.1,https://www.jockey.in/cdn/shop/products/2726_SHRED_0105_S123_JKY_2.webp?v=1700031396&width=1445,f03d4b98511edb808f818c297393155d0bd8608f948418af23e432bfde8f66f5
TSHIRT-0062,TSHIRT-0062.jpg,TSHIRT,2048,2731,336.9,https://www.urbanneeds.in/cdn/shop/files/6.jpg?v=1695039686&width=2048,cda148fa0c78e04d181a0fc322eb6c0c6bf11a38d0f860374844cfe2c2f6c17c
TSHIRT-0063,TSHIRT-0063.jpg,TSHIRT,3000,2000,586.6,https://www.creativefabrica.com/wp-content/uploads/2025/06/28/Multi-color-tshirt-mockup-Graphics-125035394-1.jpg,77ecf5382b378748b34f9d7683942bd371ef7155fdecd4a7506a99ac602ea01e
TSHIRT-0064,TSHIRT-0064.jpg,TSHIRT,384,783,31.0,https://img1.exportersindia.com/product_images/bc-full/2023/12/12879810/cotton-tshirt-1703236048-7217711.jpeg,b29704a41d90909edabdb03a324269ed3f67c43c549818f9251bfa783d2388b8
TSHIRT-0065,TSHIRT-0065.jpg,TSHIRT,1600,1600,78.1,https://i5.walmartimages.com/seo/Japanese-Flag-Of-Japan-Souvenir-TShirt_0fe09108-fef8-4cbf-bbce-534a38f031da.eb1e4e048bda05d5dfc69fb557d615a6.jpeg,1fb7857b6ad516e282ce0e61322f29c9512ac8e879438d9802a03a40001a923d
TSHIRT-0066,TSHIRT-0066.jpg,TSHIRT,1140,1140,138.1,https://i.etsystatic.com/53718216/r/il/a46c02/6235394735/il_1140xN.6235394735_8pi6.jpg,c9499b9a41fe4e9f3d6c2d3f299fa95368e16b6055febef1bf3f80aa0c60a4a8
TSHIRT-0067,TSHIRT-0067.jpg,TSHIRT,980,980,623.2,https://static.vecteezy.com/system/resources/previews/067/613/491/non_2x/royal-blue-crew-neck-tshirt-mockup-casual-fashion-apparel-plain-cotton-tee-studio-shot-mens-clothing-summer-style-product-photography-transparent-background-png.png,20b481ae6bb90f0c751a599eb1df740887a8e0728b8cb7999ec7424d5cf10ffe
TSHIRT-0068,TSHIRT-0068.jpg,TSHIRT,265,500,14.1,https://5.imimg.com/data5/FN/GE/IR/SELLER-60254959/l-2726chaml-jockey-original-imaf5affzfwcdgcv-500x500.jpeg,551cab9188b3363b7d189417d83024476ddad0480969f5e1461b286b269884d1
TSHIRT-0069,TSHIRT-0069.jpg,TSHIRT,500,391,40.7,https://5.imimg.com/data5/ANDROID/Default/2022/7/YC/EK/JL/36718451/product-jpeg-500x500.jpg,76c8e2cd7c712f9e3e4b781c8b2c211302f0c1ba590cb1e33b26d865896b63c1
TSHIRT-0070,TSHIRT-0070.jpg,TSHIRT,750,750,31.3,https://img.joomcdn.net/ef8fb5d2e53f8711c05367b0b8c0216dc5cea6e6_original.jpeg,689d23c50b4f72b221810b30d5b0bd732ab58da8353bdfc4b934f9bccda7dc76
TSHIRT-0071,TSHIRT-0071.jpg,TSHIRT,1300,843,50.3,https://c8.alamy.com/comp/2DG543T/handsome-latin-american-young-man-wearing-casual-tshirt-looking-at-the-camera-smiling-with-open-arms-for-hug-cheerful-expression-embracing-happiness-2DG543T.jpg,43327caaa90dc0c3879b578679f6bc68ba9ef276049b7d275871f03fe16d23d0
TSHIRT-0072,TSHIRT-0072.jpg,TSHIRT,640,640,11.8,https://www.pricerunner.dk/product/640x640/3006400551/ID-T-Time-V-Neck-T-shirt-Red.jpg?ph=true,6f0b434e52581807df34616091eb8b1260abe20e05dc22b3cf3ef777cf805782
TSHIRT-0073,TSHIRT-0073.jpg,TSHIRT,1080,1350,363.6,https://images.bewakoof.com/original/men-s-green-oversized-t-shirt-617070-1720596797-2.jpg,1892409fa30fd520318fefff2361556d9935f5cedfadf68c5846cd756a119c7d
TSHIRT-0074,TSHIRT-0074.jpg,TSHIRT,2000,2000,69.5,"https://img1.g-star.com/product/c_fill,f_auto,h_2000,q_80/v1639572275/D20718-336-C423-M04/g-star-raw-multi-graphic-t-shirt-dark-blue.jpg",490617257d8697daa35e33f71b4fde17204855bccd9de6e56663fdfd470f268e
TSHIRT-0075,TSHIRT-0075.jpg,TSHIRT,500,500,33.7,https://5.imimg.com/data5/RB/EM/KZ/ANDROID-107169379/product-jpeg-500x500.jpg,53d574a10afbacedb5b0c2d149cedfd2154e1aa4528ce04e8a8204bc42897a95
TSHIRT-0076,TSHIRT-0076.jpg,TSHIRT,405,539,34.3,https://img.ltwebstatic.com/v4/j/spmp/2026/02/06/7a/17703138752ab6aa1cdbf06abb40f37a0666c4d41b_thumbnail_405x552.jpg,9f75b2595bc28d3d9308980f540a0d6e3f19e08e3ff7d7eb49d0260e181b8294
TSHIRT-0077,TSHIRT-0077.jpg,TSHIRT,1300,852,49.7,https://c8.alamy.com/comp/2E1RK16/handsome-latin-american-young-man-wearing-casual-tshirt-smiling-looking-to-the-side-and-staring-away-thinking-2E1RK16.jpg,fc56dfb03a35cf7767d1f92e0a587087458a6997e79d571b55e94faf5c8d774d
TSHIRT-0078,TSHIRT-0078.jpg,TSHIRT,600,600,13.8,https://www.fandc.co.za/wp-content/uploads/2026/03/SKU-0128270-Billabong-Arch-Crew-Neck-Sweat-Top-Sea-Green-back-view-copy-600x600.webp,24d66d17c391225dd3838ad978edc587acb7860547ff20e98f425d96cac7024d
TSHIRT-0079,TSHIRT-0079.jpg,TSHIRT,1500,1500,223.7,https://cdn-s3.touchofmodern.com/products/000/541/410/b84a3adda13f078dd8c38a63005b6204_large.jpg?1476305715,2cacd94d94ae7e972695f7d9555aa00f11126bd18e534728ba06eb3b623fb835
TSHIRT-0080,TSHIRT-0080.jpg,TSHIRT,900,1200,92.6,https://londhegarments.in/cdn/shop/files/IMGL8685.jpg?v=1708677150&width=900,40a6c9eae22e357b19cea9cda6b9113fc04483be5eb4b83cec5e38991da8c98b
TSHIRT-0081,TSHIRT-0081.jpg,TSHIRT,2000,2000,118.4,"https://img1.g-star.com/product/c_fill,f_auto,h_2000,q_80/v1619161681/D20718-336-5812-M01/g-star-raw-multi-graphic-t-shirt-grey.jpg",9db42cf97e6291b83af4f8b9b7cecc1ebb363c954ff7854a30b7bd0d56375415
TSHIRT-0082,TSHIRT-0082.jpg,TSHIRT,500,492,23.0,https://5.imimg.com/data5/EA/MA/UW/ANDROID-107169379/product-jpeg-500x500.jpg,4f5701f06189eaa54fd815faf8e92695c2ad07e3ea072ff3d836300a5148387b
TSHIRT-0083,TSHIRT-0083.jpg,TSHIRT,573,573,45.0,https://i5.walmartimages.com/seo/Cat-Ramen-Shirt-Vintage-Japanese-Cat-Graphic-Tee-Washed-Distressed-T-Shirt-Comfort-Colors-Unisex-Cotton-T-shirt-Sizes-S-3XL_3ac2fef8-f3e7-4f2c-92cd-a1135b2f8a56.c8b18035667b6b3e42fa2b4d4988c1f1.jpeg?odnHeight=573&odnWidth=573&odnBg=FFFFFF,5ad3a0c01dfed4bfc79a2c55ecebdc49f5c6099790cc5c686e12270ab23e306d
TSHIRT-0084,TSHIRT-0084.jpg,TSHIRT,1140,1140,108.1,https://i.etsystatic.com/53718216/r/il/7bbcc0/6187366128/il_1140xN.6187366128_4wfh.jpg,a11fb1be51247ef9d23671cc04d3d85418e461a8198de1db4b3c327067fb1ddf
TSHIRT-0085,TSHIRT-0085.jpg,TSHIRT,1020,1360,106.6,https://img-lcwaikiki.mncdn.com/mnpadding/1020/1360/ffffff/pim/productimages/20261/9222501/v2/l_20261-s6e758z8-cvl-95-73-92-185_a.jpg,0458898777ee527dcf142dde0f401bc1b256f9af6ecb5023b79472f24f85c3f7
TSHIRT-0086,TSHIRT-0086.jpg,TSHIRT,1000,1500,168.8,https://cdn.shopify.com/s/files/1/0704/4549/products/RED_82b9a45a-b6cd-4dce-a168-48e158834491.jpg?v=1527323010,afdaa599887f5ee600d7b78d0b504f68e03b77c1f8a60dfc61063dd914b0453f
TSHIRT-0087,TSHIRT-0087.jpg,TSHIRT,1512,2268,780.1,https://www.botnia.in/cdn/shop/files/Untitleddesign_92.png?v=1694505646,610181361604f1556cd04ddb7ab6b54cb0ed2737800dc36ae7f31168ce297e1b
TSHIRT-0088,TSHIRT-0088.jpg,TSHIRT,795,795,33.0,"https://img1.g-star.com/product/c_fill,f_auto,h_795,q_80/v1738069337/D23285-C334-G038-M06/g-star-camo-graphic-t-shirt-multi-color.jpg",c4887696dee5563d4faf887a567a57e60b5c11e961e736f4990efb8f62bbd36b
TSHIRT-0089,TSHIRT-0089.jpg,TSHIRT,375,500,17.9,https://5.imimg.com/data5/SELLER/Default/2025/3/494433833/QU/TL/IS/149252690/p786808-b-500x500.jpg,ed6472d7ca43b580d06e968c7f999341a20cdc02e0450e2c2e5ce2292c6bb893
TSHIRT-0090,TSHIRT-0090.jpg,TSHIRT,612,792,52.0,"https://ecdn.teacherspayteachers.com/cdn-cgi/image/format=avif,quality=70,onerror=redirect/thumbitem/Fronting-Minimal-Pair-Cards-Speech-Therapy-Phonological-Processes-No-Prep-16027096-1775743631/750f-16027096-1.jpg",135bdd5e207481580d772fbfab53c66cf26097c5f258e292004304143bafd0f9
TSHIRT-0091,TSHIRT-0091.jpg,TSHIRT,2048,2048,202.9,https://i.etsystatic.com/53718216/r/il/007f28/6235395121/il_fullxfull.6235395121_hka8.jpg,3c8f2f53ef9d03c55b2fbd65b34c5ae375576bb00300aeaaac4c87005b937db5
TSHIRT-0092,TSHIRT-0092.jpg,TSHIRT,390,585,28.8,https://imagescdn.vanheusenindia.com/img/app/product/4/40226118-25138554.jpg?auto=format&w=390,2f77c59978dc89f25998e74788e449f01d074bf0e19cca4a9d8a611e7146a8b0
TSHIRT-0093,TSHIRT-0093.jpg,TSHIRT,1184,1184,101.6,"https://static.nike.com/a/images/t_web_pw_592_v2/f_auto/u_126ab356-44d8-4a06-89b4-fcdcc8df0245,c_scale,fl_relative,w_1.0,h_1.0,fl_layer_apply/f0fdb908-a357-42a8-a149-b6914a71b1b2/M+J+OVSZ+SS+CREW+OPP3.png",53d8b5e066a0894bfe19b5b8d082bbf74272f9dbbb1b24db6e54d082bb40d955
TSHIRT-0094,TSHIRT-0094.jpg,TSHIRT,626,626,106.8,https://img.freepik.com/premium-photo/free-photo-tshirts-new-collection-vibrant-eyecatching-with-colorful-abstract-painting_505522-3258.jpg,d89d0bd79082fdc8aae5befe79d737562045675bd7918d990299ff01f8a2990b
TSHIRT-0095,TSHIRT-0095.jpg,TSHIRT,768,1024,89.9,https://cdn.shopify.com/s/files/1/0070/5342/products/red-and-white-ikat-indian-cotton-t-shirt-made-from-a-vintage-indian-sari-thisbluebird_1600x.jpg?v=1572916696,fba6234d5613d8e57556cbcd02faa2341a082f76cb40ae86d09f46c5b06fb48e
TSHIRT-0096,TSHIRT-0096.jpg,TSHIRT,612,792,26.6,"https://ecdn.teacherspayteachers.com/cdn-cgi/image/format=avif,quality=70,onerror=redirect/thumbitem/Fronting-Minimal-Pair-Cards-Speech-Therapy-Phonological-Processes-No-Prep-16027096-1775743631/750f-16027096-3.jpg",11a15e01f3b875ad28406dd9d7053366f9af939cee055cd2910816262fd50bd4
TSHIRT-0097,TSHIRT-0097.jpg,TSHIRT,2048,2048,207.1,https://i.etsystatic.com/53718216/r/il/3bbf06/6187368022/il_fullxfull.6187368022_svrz.jpg,3040acda4f72c04126e8ad28d9468db3794cc9b5bb685caaf70671ec30858b5c
TSHIRT-0098,TSHIRT-0098.jpg,TSHIRT,1040,1300,24.0,https://cdna.lystit.com/1040/1300/n/photos/senser/295dfbde/1588x1910/norma-kamali-Blush-Crew-Neck-Vest.jpeg,e658e767a003bed721adf7472fe84515832835975811330a9b2bd04dd9bf2aef
TSHIRT-0099,TSHIRT-0099.jpg,TSHIRT,1200,1600,187.8,"https://www.apparo.com/images/V-neck-t-shirt,-red+apparo+685.jpg",8e63aa5194ece2ef7b8749832bdc83671de394c251ad6bf73029af70c728447b
TSHIRT-0100,TSHIRT-0100.jpg,TSHIRT,1080,1080,566.6,https://www.instinctfirst.com/cdn/shop/products/GreenBack_1080x.png?v=1681810898,7d9ab2ce71ca4fa13b346198afa25990e5977fd2d68ce2cab9837f4a699efc78
SHIRT-0021,SHIRT-0021.jpg,SHIRT,2000,3000,475.9,https://kaicollections.com/cdn/shop/files/KHE_0456.jpg?v=1753526516&width=2000,5e1dd37cf7a8c505c516be3eff6156328a9656865513deb1f4a939f2b399ce53
SHIRT-0022,SHIRT-0022.jpg,SHIRT,1024,1024,119.1,https://paristexasco.com/cdn/shop/products/Panama_Hemingway_Guayabera_Blue_Mens_Mexican_Shirt_for_Men_1_1024x1024.jpg?v=1618600542,9499e50c2f38a6c090f9d0ffb6b70a6d94231fe5b34f4e81e177eeba14a58bbf
SHIRT-0023,SHIRT-0023.jpg,SHIRT,800,800,54.4,https://static.helloice.com/productimages/2024/2/HBS331/1753332561343549440.jpg,eae3434bedb9e58ac4f899a1514d332cc34146d7b4e303765e82ce6e43c19ecf
SHIRT-0024,SHIRT-0024.jpg,SHIRT,1620,2025,161.2,https://api.etonshirts.com/v1/retail/image/1620/bynder/5142437c-35c3-4154-8196-1816035760e7/beige-solid-linen-shirt-261_2026-01-14T142549345Z.webp,c0123baad395cc8dc8484613ddc63b2ef878afa759f6e061d083ffd44e8188ad
SHIRT-0025,SHIRT-0025.jpg,SHIRT,1600,2000,355.0,https://blackberrys.com/cdn/shop/files/Formal_Blue_Stripe_Shirt_Miller-MSPM3406B2NFN-image1.jpg?v=1719916006,6bd46a4a561fe4584ce7e9086a0a41dbefbdae9d21bfb38bbd5a055595615c1f
SHIRT-0026,SHIRT-0026.jpg,SHIRT,1080,864,234.8,https://i.etsystatic.com/22793702/r/il/97c32e/4171996261/il_1080xN.4171996261_bkll.jpg,cb0dfc27af19f01e70172188e25ea7c5b6f25fe8c38fbac1ede371575b93f062
SHIRT-0027,SHIRT-0027.jpg,SHIRT,1024,1024,176.0,https://paristexasco.com/cdn/shop/products/Charleston_Hemingway_Guayabera_Light_Blue_Mens_Mexican_Shirt_for_Men_1_1024x1024.jpg?v=1618846777,e5a668a00bb2544617a71cf1fd2c41d3b2fdba6984c1c6c8a5bd240a7c8353ce
SHIRT-0028,SHIRT-0028.jpg,SHIRT,1620,2025,269.2,https://api.etonshirts.com/v1/retail/image/1620/bynder/2311d3ad-1218-4f2d-94fa-9157b8188564/classic-oxford-shirt_2024-01-30T124549701Z.webp,f6de1c414e162b00dc4539d162373e4d698f9e8e6bf855bcbabe4be6bc524c3c
SHIRT-0029,SHIRT-0029.jpg,SHIRT,868,1180,234.2,https://www.studiosuits.com/cdn/shop/files/washeddarkbeigelinenshirtlook_1_ea9b57d7-a5f1-4997-81da-a76df45c71da_1500x.jpg?v=1723897606,ed5c0079b9d058ed1e25804b6a35a776e44ca46968017e1922dc6a450c451c56
SHIRT-0030,SHIRT-0030.jpg,SHIRT,1024,1024,109.4,https://paristexasco.com/cdn/shop/products/Charleston_Hemingway_Guayabera_Light_Blue_Mens_Mexican_Shirt_for_Men_2_1024x1024.jpg?v=1618846780,618a0cd12de9284c29ff5f48484ca284df2ba36ab9d05eeba72fbf7e54c471ca
SHIRT-0031,SHIRT-0031.jpg,SHIRT,1620,2025,78.5,https://api.etonshirts.com/v1/retail/image/1620/bynder/693e489f-49ee-40cf-a8e1-34987c7ddaf4/beige-solid-plain-weave-linen-shirt_2025-01-16T203549397Z.webp,cf6e43f2e6833bd671d29d2a6b130a6935b42857c33362296c56922f7cdb4447
SHIRT-0032,SHIRT-0032.jpg,SHIRT,1080,1440,380.4,"https://assets.myntassets.com/h_200,w_200,c_fill,g_auto/h_1440,q_100,w_1080/v1/assets/images/22286838/2023/3/10/ec07821b-8a47-4c3c-9b97-9f4ef9f42f461678458053360ADbyArvindVerticalStripeFormalShirt1.jpg",4272f17ef3e5f9bd448b46e07bd33c406e5152a9fa5c48016ecb37d1e77dee43
SHIRT-0033,SHIRT-0033.jpg,SHIRT,3000,2400,812.7,https://i.pinimg.com/originals/7c/e8/ef/7ce8ef454736d16c5b4a98da0518a3f7.jpg,46c95f888c9f02a596be782c55abb79fe59a027609379a0b3097b3faa605e1b5
SHIRT-0034,SHIRT-0034.jpg,SHIRT,700,1000,39.6,https://eadn-wc03-12497722.nxedge.io/cdn/media/catalog/product/cache/06d3078dce87b60d75772963e7f57916/m/-/m-5387-red_1_1.jpg,80a04448cd5678747197fb3b45f7ac8bd36c169ecbec734d57add5d0a720f691
SHIRT-0035,SHIRT-0035.jpg,SHIRT,1366,2048,608.1,https://cdn.shopify.com/s/files/1/0284/8210/9514/products/2H0A0868_1_2048x2048.jpg?v=1587375174,26e467fadd8eb37cb244a886fb317295cdcb6acb078c01df68529a5144bfb068
SHIRT-0036,SHIRT-0036.jpg,SHIRT,400,545,22.9,https://image.makewebeasy.net/makeweb/r_400x400/YkBnAQ2Sy/DefaultData/FACE_FB4543U_6_RGB__1_.jpg?v=202405291424,3e549ab8a449747d565954748a55a144f760751dfea1106143c263e7f471abd3
SHIRT-0037,SHIRT-0037.jpg,SHIRT,3840,4800,1896.5,"https://media.everlane.com/images/c_fill,w_3840,ar_4:5,q_auto,dpr_1.0,f_auto,fl_progressive:steep/i/5834de9b_3f01/mens-organic-oxford-shirt-light-blue",479d67301baadb4823024f97812b5260f0a9f69a77913eb2c9c90bc85be00fd9
SHIRT-0038,SHIRT-0038.jpg,SHIRT,868,1180,165.8,https://www.studiosuits.com/cdn/shop/files/barnbeigelinenshirtslk_1500x.jpg?v=1739768362,8a18fd41808de2a705387c4f738844d38e73ac6503323a906e871b20a4a28fc1
SHIRT-0039,SHIRT-0039.jpg,SHIRT,1000,1204,218.4,https://www.lerevecraze.com/wp-content/uploads/2023/05/b5a65e40-af7d-46a9-b261-cbd587b3ec23.jpg,6c7a01b55a4c38bde9dff049944eaad7b9eea68a6f04375c4866ad3f2e7e5d49
SHIRT-0040,SHIRT-0040.jpg,SHIRT,1080,1080,177.8,https://i.etsystatic.com/42564725/r/il/d33444/5254939937/il_1080xN.5254939937_ncp2.jpg,d22c13548412e5f1f3dbc934a7fc31a5bdc8f2eff450a7614c01284f227a5edd
SHIRT-0041,SHIRT-0041.jpg,SHIRT,900,1200,98.3,https://ramrajcotton.in/cdn/shop/files/NewProject_8_c5dbcbbe-4f7f-461f-8239-13e03263c52b.jpg?v=1694862198&width=900,1f7a0c38a5c7822a406f76f7e459e3f987004e7f2df1b2f417868e9a97664adf
SHIRT-0042,SHIRT-0042.jpg,SHIRT,1189,1190,193.4,https://www.okayamadenim.com/cdn/shop/products/Samurai_Selvegde_Denim_Work_Shirt9554_clipped_rev_1_2000x.jpg?v=1675307124,96b36eba3659f4952500d79c85bac34e1001363c57159f6413fdd55bf534456f
SHIRT-0043,SHIRT-0043.jpg,SHIRT,1620,2023,288.9,https://api.etonshirts.com/v1/retail/image/1620/bynder/f6ee28bb-b740-4bfd-b0e5-b9e4a0d2d890/solid-light-blue-royal-oxford-shirt_2024-10-24T140551018Z.webp,817ed2324bf2aa55913fe34fe1ff361f578ce50ed40d4528047c440e21981f10
SHIRT-0044,SHIRT-0044.jpg,SHIRT,1620,2025,73.4,https://api.etonshirts.com/v1/retail/image/1620/bynder/28597809-3c7d-4a6c-afa6-4a246d8fb78a/beige-solid-short-sleeve-linen-shirt_2025-04-10T082049337Z.webp,fce9e5928677bbdf786a0f500014b5431a5cb25d85ac2e4367324f563bf49708
SHIRT-0045,SHIRT-0045.jpg,SHIRT,1600,2000,171.9,http://blackberrys.com/cdn/shop/files/Stripe_Formal_Shirt_In_Navy_Oswald-LSLM2310N1NA23FN-image1.jpg?v=1694437627&width=2048,f11643ead8c01674af3790a0fe8a68a06288c4b4ef1fd2b9fb88c341fce7e9ec
SHIRT-0046,SHIRT-0046.jpg,SHIRT,2000,2000,374.7,https://i.etsystatic.com/42564725/r/il/769a57/5254864623/il_fullxfull.5254864623_soru.jpg,f384acfdcb2001ebfc0a365ec3e2a063f8ef515e522f62e07224f54a80f2b367
SHIRT-0047,SHIRT-0047.jpg,SHIRT,1024,1024,207.2,https://paristexasco.com/cdn/shop/products/guayabera_mens_shirt_cartagena_hemingway_gingham_seersucker_surf_blue_2_1024x1024.jpg?v=1683060514,e6a1921fa0b691cd20e2c58b9ea2f2bc7a1ef068f25878df4d68cfa2c6fc2193
SHIRT-0048,SHIRT-0048.jpg,SHIRT,750,1000,45.1,https://5.imimg.com/data5/SELLER/Default/2020/8/WK/MK/CT/15237173/indian-kurta-clothing-fashion-shirt-mens-short-kurta-cotton-indian-traditional-1000x1000.jpg,342691a6ed4029693f0cb9b6c79fc19a9f2d084908b18953b6f5f22fb46abf97
SHIRT-0049,SHIRT-0049.jpg,SHIRT,400,500,44.2,https://village.ocnk.net/data/village/product/20230302_2ad957.jpg,b6c42e841bec9918daf49b6ee8080b9e8592385ffcd1846a482c43bf16788cd9
SHIRT-0050,SHIRT-0050.jpg,SHIRT,1354,2068,138.0,https://www.pricerunner.dk/product/3084526828/Seven-Seas-Modern-Fit-Oxford-Shirt-Light-Blue.jpg,f473ef9605399c0bff37fdaa94362e24e7fd21e0a3300cb446a58dec6da2e035
SHIRT-0051,SHIRT-0051.jpg,SHIRT,3000,3000,1252.7,https://www.gurteen.co.uk/prodimg/5719-004_2_Zoom.jpg,b60d3100158481dac2a2d05582f7c53b307f8a9c4a8df3db4483193d547d5bfd
SHIRT-0052,SHIRT-0052.jpg,SHIRT,534,680,172.9,https://cms.sriyanidresspoint.lk/storage/product/back/mens-blue-stripe-formal-shirt--020866656220.jpg,ba139c0bed22d8626e97d8476b57f8266aa0ffab445af919da0a645c163da250
SHIRT-0053,SHIRT-0053.jpg,SHIRT,3000,2400,719.7,https://i.pinimg.com/originals/3b/af/f0/3baff07ef4b2560433b030e8ba0745df.jpg,9a00ec64eb517b27c7769eb0dbbbb2513dec9b1d2870251f705ce601630b4bac
SHIRT-0054,SHIRT-0054.jpg,SHIRT,2359,3538,935.6,https://www.sancristobalshop.com/cdn/shop/products/mens_guayabera_shirt_cotton_mini_check_blue_4_2359x3539.jpg?v=1679951949,6ab1da498e22f12b9df98692713fa5275815b27857956a28a09a2eb2d772dbfb
SHIRT-0055,SHIRT-0055.jpg,SHIRT,1588,2118,108.9,https://i.etsystatic.com/18232609/r/il/0f9b39/2100443081/il_1588xN.2100443081_547e.jpg,e3531c1f982c6d5fa38e1b7693008f3187661f7d1e50d07c1ac3534fce29a6b4
SHIRT-0056,SHIRT-0056.jpg,SHIRT,800,800,337.4,https://images.nexusapp.co/assets/bd/e1/87/518091704.jpg,56187d509200560093defe6cab30de9ad3cfd75492fc495d5c5f4d327c506583
SHIRT-0057,SHIRT-0057.jpg,SHIRT,713,891,44.8,https://www.everlane.com/cdn/shop/files/a430bf99_57e0.jpg?v=1753411504&width=713,e0c96702f9ecfbc7bcdec0a77e0b09b022b61a1d915859e71d8214074b914b26
SHIRT-0058,SHIRT-0058.jpg,SHIRT,1080,1080,99.6,https://arsalaniqbal.com/cdn/shop/products/SHIRTS_0036_35-A.jpg?v=1641797142,1382d2a34af0846cfe850273deaeae158694cb906e0ec5ef0b85447f7bd1a1b4
SHIRT-0059,SHIRT-0059.jpg,SHIRT,1080,1080,205.6,https://i.etsystatic.com/42564725/r/il/0df1d3/5254867557/il_1080xN.5254867557_rxdm.jpg,5fad3ca28c263ded886905f40e6cea002a6b3bbae86998dcd1014f98bc99826b
SHIRT-0060,SHIRT-0060.jpg,SHIRT,1024,1024,118.4,https://paristexasco.com/cdn/shop/products/guayabera_mens_shirt_astros_hemingway_houston_astros_baseball_light_blue_2.jpg?v=1682971073,cc9c957957d9836f3dd6fceb94e6f2309f2799c49d12bc677935f751826ef18d
SHIRT-0061,SHIRT-0061.jpg,SHIRT,790,750,81.0,https://images.nexusapp.co/assets/e7/4e/f7/167995156.jpg,8fea133c2e274be0b0e4566bb578c951796dfa44ad4de57c8dadb02cc84309cc
SHIRT-0062,SHIRT-0062.jpg,SHIRT,1620,2025,800.1,https://api.etonshirts.com/v1/retail/image/1620/bynder/b2bbe815-1001-47e2-8919-934b477e606d/lightblue-royal-oxford-shirt-soft_2024-03-11T14204985Z.webp,ce280f8011baa8dda741455b555765313e577ff7f7d70fc49d0f1daaec3c67ca
SHIRT-0063,SHIRT-0063.jpg,SHIRT,868,1180,119.9,https://www.studiosuits.com/cdn/shop/files/washeddarkbeigelinenshirtlk_1445x.jpg?v=1721716576,dedfb35efdceac5fa869a58ce22637f98fb1498ba582316d2cf57ccc436590fd
SHIRT-0064,SHIRT-0064.jpg,SHIRT,1379,1500,630.9,https://img0.etsystatic.com/003/1/6049392/il_fullxfull.355237724_13v3.jpg,53b99e62761ad9547c3eb2f13658aa62149c86d2c1d03662cce6d888e5647c17
SHIRT-0065,SHIRT-0065.jpg,SHIRT,1024,1024,100.1,https://paristexasco.com/cdn/shop/products/Havana_Hemingway_Guayabera_Blue_Mens_Mexican_Shirt_for_Men_1.jpg?v=1715014513,8d11ccbd81b263384367ee306da633b39778900c420379e3387458db41c610e5
SHIRT-0066,SHIRT-0066.jpg,SHIRT,500,500,22.3,https://5.imimg.com/data5/UH/VH/MY-7131851/kurta-shirt-500x500.jpg,13202b5d693fa206aa7c387e9f8f0ff48328a967e16a6225bead131f0d524850
SHIRT-0067,SHIRT-0067.jpg,SHIRT,750,1000,133.1,https://img.staticdj.com/526a2340e7c180eaa1a1b03ef8f49c86_750x.jpeg,a5e0f4b7de0f8cb504da4791dd0337da57e8177ba9fac7fcce8eef865712d8d8
SHIRT-0068,SHIRT-0068.jpg,SHIRT,1620,2025,699.2,https://api.etonshirts.com/v1/retail/image/1620/bynder/814167c4-369e-4972-816d-86974ae177a4/classic-oxford-shirt_2024-01-30T124549675Z.webp,2e965a36a7a05943ebc50eb98c2b4df9040cba78c06fe24059497db03f412281
SHIRT-0069,SHIRT-0069.jpg,SHIRT,868,1180,78.8,https://www.studiosuits.com/cdn/shop/files/washedlightbeigelinensrtslvshirtlook_1500x.jpg?v=1721718036,c878216fd9e8a5c2a2f0eebcbce6dd0c72bcc9b5bea5c3a96dc6d193a1c85cda
SHIRT-0070,SHIRT-0070.jpg,SHIRT,534,680,181.6,https://cms.sriyanidresspoint.lk/storage/product/front/mens-blue-stripe-formal-shirt--020866656220.jpg,d88f9e422df21f4cb54dba455e3578517f199ea32d434876d2ceb550b275793f
SHIRT-0071,SHIRT-0071.jpg,SHIRT,1080,1080,192.7,https://i.etsystatic.com/42564725/r/il/52e438/5254853697/il_1080xN.5254853697_4z0e.jpg,3ff652f6a5f36fa2d24d3efdfeb25386611c95ab14b254a3f7afcdc95da1dbca
SHIRT-0072,SHIRT-0072.jpg,SHIRT,1024,1024,83.0,https://paristexasco.com/cdn/shop/products/Havana_Hemingway_Guayabera_Blue_Mens_Mexican_Shirt_for_Men_2.jpg?v=1715014513,54a382a760adc2a6ff394d5fe4ed3d56ff857e0801c4507f716ed83acedca28b
SHIRT-0073,SHIRT-0073.jpg,SHIRT,700,875,42.5,https://frenchcrown.in/cdn/shop/products/5997-KS-P144_1_700x.jpg?v=1663149886,6d1623323a946da4bdeac8046140b3b91ec8ee650c9934221b3de5a256b24aba
SHIRT-0074,SHIRT-0074.jpg,SHIRT,750,1000,85.6,https://img.staticdj.com/35982e53631b2ae55210a6fa2da7defc_750x.jpeg,25b2d6c52ac56f600bb3befeb79bc40d7c005509b7d4539259eb5c845bab8b07
SHIRT-0075,SHIRT-0075.jpg,SHIRT,1400,1820,185.4,https://images.hawesandcurtis.com/tr:q-80/WE/WEPFA001-B40-187772-1400px-1820px.jpg,46164a9fa535d16972519a3ec6e8334c60b1bc88e8bfbe72cbb79e155fcee111
SHIRT-0076,SHIRT-0076.jpg,SHIRT,868,1180,93.5,https://www.studiosuits.com/cdn/shop/products/washedbeigecotlinshirtlook_1500x.jpg?v=1677139600,feeb27505dd7df1eb25de5ccf2930c80fcab4efffa417efb40da779782d68944
SHIRT-0077,SHIRT-0077.jpg,SHIRT,720,1125,118.5,https://cdn.fynd.com/v2/falling-surf-7c8bb8/fyprod/wrkr/products/pictures/item/free/original/TBH-JANUS-WH-L/LkntY7HAyr-1.jpg,1197e20df0d7f72c2f725f2d1631c5dc4f20e9b655d4cbd60020dee507a6f1f5
SHIRT-0078,SHIRT-0078.jpg,SHIRT,1999,3000,1068.1,https://i.etsystatic.com/25434138/r/il/85fe90/5118216610/il_fullxfull.5118216610_m7gs.jpg,01ed971e242024f33f3afbb8a08273bf3feafe2ba09c1b630e0a1b3bcfa0fdc4
SHIRT-0079,SHIRT-0079.jpg,SHIRT,1024,1024,83.0,https://paristexasco.com/cdn/shop/products/Havana_Hemingway_Guayabera_Aqua_Coral_Mens_Mexican_Shirt_for_Men_2.jpg?v=1683064242,0c31a543d69af137633f37b88240423d4a2b73cdca88359c3aacc44a1c59e510
SHIRT-0080,SHIRT-0080.jpg,SHIRT,1000,1000,101.3,https://sc04.alicdn.com/kf/Uddcac17aaa034b20a4044a02afba5a9dz/1031691919/Uddcac17aaa034b20a4044a02afba5a9dz.jpeg,eeec971b0afa6265c8ef5126a378f6a480f86a78d8871036a553fc9ce81b8b18
SHIRT-0081,SHIRT-0081.jpg,SHIRT,1506,1883,912.6,https://api.etonshirts.com/v1/retail/image/1620/bynder/775aeefe-a78b-41db-872d-332b959d3e3c/lightblue-royal-oxford-shirt-soft_2023-12-14T080100319Z.webp,07975a75f9e5d64be3d9cc96461057affdb0051677f85a3992ea0647b9153e47
SHIRT-0082,SHIRT-0082.jpg,SHIRT,868,1180,74.5,https://www.studiosuits.com/cdn/shop/files/washedlightbeigelinenshirtlook_1445x.jpg?v=1721477553,9befa3481d27740f2c9b44eeadad31ec6834d35ea0e7b0ed42c0a21d3724ccbd
SHIRT-0083,SHIRT-0083.jpg,SHIRT,1000,1204,174.4,https://www.lerevecraze.com/wp-content/uploads/2022/05/5134168b740538fcd3099824ce4f16f3.jpg,94f65d0fce42f4231dd6b38f0b68cd3390dcc50e2b63a74d96a94525e04d9f5c
SHIRT-0084,SHIRT-0084.jpg,SHIRT,3000,2400,655.3,https://i.etsystatic.com/22793702/r/il/a2eb5a/6396493857/il_fullxfull.6396493857_m0xf.jpg,cdb4600f7876d04df7fd216075f3015d3ae215fe34e6a7128e77419acbff698c
SHIRT-0085,SHIRT-0085.jpg,SHIRT,736,755,74.4,https://i.pinimg.com/736x/34/7a/77/347a77d58a4c93f7cd1d371de4e95001.jpg,6e9c91e8453a59c022cc4089dca2d3839f4f45aed7ac0d0b54f9f090dbee2a3c
SHIRT-0086,SHIRT-0086.jpg,SHIRT,667,1000,100.9,https://i.pinimg.com/736x/71/6d/13/716d137b6ac393e47861e09be7ac5ebd.jpg,a8b602822c4fc1a7af314aa32b2162093beac934713d0ead740826d42212ae24
SHIRT-0087,SHIRT-0087.jpg,SHIRT,533,533,61.3,https://thejapanbox.com/cdn/shop/files/japanese-shirt-120_4e7aacff-aba5-4888-8174-247f5e4703bf.webp?v=1700594896&width=533,38766a6fd8de099251026df53f5fa16f9c662eca00627f57af6bf683774b3454
SHIRT-0088,SHIRT-0088.jpg,SHIRT,1620,2025,890.7,https://api.etonshirts.com/v1/retail/image/1620/bynder/ec83d106-fb6f-4cff-8fe0-0ca7d9d5f279/solid-light-blue-oxford-shirt_2023-12-14T080551056Z.webp,eb1d9be84ef2a92fda4fd263affcf8389e2a0c09468746f85d926a2d202f4726
SHIRT-0089,SHIRT-0089.jpg,SHIRT,1200,1580,166.8,http://www.ismailfarid.com/cdn/shop/products/LIN89-_1_110c33ed-7b75-4b6d-8fa9-1ffa1ec7ff10_1.jpg?v=1669799057,06bb95afd2ede63c147cb2708f0e515e4eec8248321387d3740759748346c59e
SHIRT-0090,SHIRT-0090.jpg,SHIRT,533,666,55.8,https://blackberrys.com/cdn/shop/files/Stripe_Formal_Shirt_In_Navy_Frost-MSPM2804N1NA23LN-image1_533x.jpg?v=1746168785,04dc4a07541f734a5170dbbf97b1173878785e764b7a95bc861cd6313988d6dd
SHIRT-0091,SHIRT-0091.jpg,SHIRT,3000,2400,828.4,https://i.pinimg.com/originals/e4/a3/3d/e4a33ddcde5de2636271e41c90632e79.jpg,eb068aa0b3be013ed180afed326069cd72fa0fd29151f0c1886595e05d685804
SHIRT-0092,SHIRT-0092.jpg,SHIRT,667,800,104.1,https://m.media-amazon.com/images/I/61HbvZbcL0L.jpg,3c01c8de73bbb16d72e75544b448b689fc7c97adc5d026d3426599876d863d41
SHIRT-0093,SHIRT-0093.jpg,SHIRT,1600,942,695.8,https://images.vexels.com/media/users/3/333304/raw/93ea322e8b9327d64f7750aeb8d05499-anime-maid-girl-japanese-t-shirt-design.jpg,b5d710ba6060fa8c84bd3683af85bf629971950b75e0efa5fd35ec7d24ad52ee
SHIRT-0094,SHIRT-0094.jpg,SHIRT,1000,1250,94.1,https://www.everlane.com/cdn/shop/files/17283985_8280.jpg?v=1753411504&width=1000,9504dc933ecad4337f75ce188ab48a4b835c5d1690727d03ccecfe7fbe6f7f36
SHIRT-0095,SHIRT-0095.jpg,SHIRT,1620,2023,163.3,https://api.etonshirts.com/v1/retail/image/1620/bynder/2a06e00c-d278-4414-80f4-1c3e4bef9cb0/beige-solid-plain-weave-linen-shirt_2025-03-04T122550567Z.webp,9595d5aff7346e094a58661705e6470d6348a276d17b86bda060a1bae7219fab
SHIRT-0096,SHIRT-0096.jpg,SHIRT,1080,1440,78.1,https://assets.myntassets.com/assets/images/27050384/2024/1/25/708f7177-97b7-4213-b478-0ef0222591d21706190776317ArrowMenSlimFitHorizontalStripesOpaqueStripedFormalShirt5.jpg,2e4ab89a8cc865eeb8f96232d04a68114f417de43c579b2c03eb4616c62b222e
SHIRT-0097,SHIRT-0097.jpg,SHIRT,850,750,185.3,https://sc02.alicdn.com/kf/UTB8no37thHEXKJk43Jeq6yeeXXaT/927521165/UTB8no37thHEXKJk43Jeq6yeeXXaT.jpg,95b075b11d91cb309097a94aca043635df88ace7ba05222fb425197c0b370e4c
SHIRT-0098,SHIRT-0098.jpg,SHIRT,2800,4200,729.1,https://www.sancristobalshop.com/cdn/shop/products/mens_guayabera_shirt_cotton_plaid_blue_1_2800x4200.jpg?v=1679954098,005d3f1ec690e33d9a0470831ea77f0c7e334d316d4604a2325f05f916ea542f
SHIRT-0099,SHIRT-0099.jpg,SHIRT,812,1500,121.3,https://cdn.shopify.com/s/files/1/1434/7210/products/shkembcmb-km-offwh_83b5f89e-4d34-48f6-9dc8-cd16a30aa58e.jpg?v=1571608948,b4432316716864e9426b0c7b6269a49561e80653895354d826c9bc0c5c33d610
SHIRT-0100,SHIRT-0100.jpg,SHIRT,1600,1600,217.3,https://thrillhouse.com.au/cdn/shop/files/shinobi-cat-tshirt-black_8ba901e4-cf4e-4dff-b9a6-f2025e47b9b2.jpg?v=1704779262&width=1600,b981cdb393c70fb0a7a7ee07b4b93fd810ccf178e2c652767d25903feec38064
JEANS-0021,JEANS-0021.jpg,JEANS,960,1344,129.3,https://ml.thcdn.com/productimg/960/960/14437045-2045037815637312.jpg,10d7bd8b7ba0c4ad4bc2a3711137e2edb223a15064817d4ff075d3b4d596c3ef
JEANS-0022,JEANS-0022.jpg,JEANS,800,1200,136.9,https://cdn.shopify.com/s/files/1/0293/9277/products/06-05-18_Studio_4396_Lightbluewash_8_800x.JPG?v=1537309853,5af41c7e75a02526169f71863ef4323116d6f31b8bbdf8fb1bccac4e1de7242b
JEANS-0023,JEANS-0023.jpg,JEANS,2560,3328,499.0,"https://assets.digitalcontent.marksandspencer.app/images/w_2560,q_auto,f_auto/MS_10_T83_8579L_EY_X_EC_4/High-Waisted-Slim-Fit-Jeans",e4a882a11c2d724b3aa8dcb86f7c211f2a8291179fa1a799beb9d76646a6042a
JEANS-0024,JEANS-0024.jpg,JEANS,1340,2014,243.0,https://www.na-kd.com/globalassets/melissa_bentsen_light_wash_straight_jeans_1687-000002-0387_04d_r.jpg?ref=1721182AB2,62614decfff8281bd4fdf8ff0879c4b7043d9d0c4e49ec611cedb3824a6192a6
JEANS-0025,JEANS-0025.jpg,JEANS,414,556,22.1,https://www.niizekihiromi.com/wp-content/uploads/2023/09/black-jeans-men-794lks-1.jpg,e9bee6266839ccc5381f80608a7ee179d1e8194a9ab12c51b0235a6efdc47dd8
JEANS-0026,JEANS-0026.jpg,JEANS,1600,2000,406.3,https://raydarmagazine.com/wp-content/uploads/2023/01/Grey-Jeans-Abercrombie.jpg,d8364e00fbf181c4c4717af52e7d824bbea0bbffb691e9d70c0f5104c53433a1
JEANS-0027,JEANS-0027.jpg,JEANS,1128,2000,1074.6,https://cdna.lystit.com/photos/de71-2014/06/26/frame-blue-le-skinny-distressed-jeans-flower-avenue-product-1-21181126-2-278636278-normal.jpeg,d80ebd29d102c3edb66a6de346eda53508dfc488c6f569a0a50d82c36ea420ec
JEANS-0028,JEANS-0028.jpg,JEANS,665,665,27.5,https://www.n22menswear.com/images/born-rich-dark-wash-blue-slim-fit-jeans-p12261-61254_medium.jpg,3261bb6038f4d0771c4dfb8f6d081f1d719da3389605eae99da083ef8d635215
JEANS-0029,JEANS-0029.jpg,JEANS,1365,2048,317.3,https://www.reddress.com/cdn/shop/files/i-knew-light-wash-raw-hem-straight-leg-jeans-888170.jpg?v=1721733624&width=1365,716c9b509d28065e3cf629d73bd273ce6917158c571261812fedf6bef920f73b
JEANS-0030,JEANS-0030.jpg,JEANS,648,972,20.6,https://rukminim3.flixcart.com/image/1114/972/xif0q/jean/a/k/g/32-ff-jean-blck-regy-original-imahy5fga5mfbmkn.jpeg?q=60&crop=false,78ae8ae44b4e9a5cc3bb56c6e3ddcf9322dbbd4d2904adca9a8704a3ad790958
JEANS-0031,JEANS-0031.jpg,JEANS,870,1110,320.7,https://cdnd.lystit.com/photos/ffe8-2013/12/25/asos-gray-slim-jean-in-grey-wash-product-1-16425128-0-273073540-normal.jpeg,8be797709c8feab708969fe93714cb54840ad89d46f5e813714ba83d0993cc1c
JEANS-0032,JEANS-0032.jpg,JEANS,1024,1024,303.2,https://www.envynature.org/wp-content/uploads/2024/09/realistic-image-of-distressed-jeans.png.jpg,e2b34af65ac5b2dc8e4a0c5a43488fb66bce06beda4f342b89d350b1f7ce5df2
JEANS-0033,JEANS-0033.jpg,JEANS,1000,1496,133.0,https://i.pinimg.com/originals/98/fc/22/98fc22fce1d25f198ab5dd07165b1c63.jpg,cdac46b50afc916636bf6fac98cf7a410870f2969dae33b4786809f54dcd9fe7
JEANS-0034,JEANS-0034.jpg,JEANS,800,800,52.5,https://resources.mandmdirect.com/Images/_default/f/d/3/fd30494_1_cloudzoom.jpg,ff76f347f84bb594672362ef776fc2a159b33940f8e46fa53801a50aeb79e206
JEANS-0035,JEANS-0035.jpg,JEANS,740,1180,211.1,https://cdn-img.prettylittlething.com/c/9/a/e/c9aec1f3ed8f9fa124afc6261800aaf721eebcca_CNL6142_2_prettylittlething_light_blue_wash_high_waist_straight_leg_jeans.jpg?imwidth=1024,41ec046b5ef3e2488f8ce86da7751bb76748f970a3d7651d44afaa90e218a2b1
JEANS-0036,JEANS-0036.jpg,JEANS,655,1191,179.1,https://d1fufvy4xao6k9.cloudfront.net/feed/img/woman_jeans/1111708/front.png,1c1a1f2b9a40b0f741d66e72c5571324f569df9a51683fd9475c22528c36669e
JEANS-0037,JEANS-0037.jpg,JEANS,2048,3266,889.3,https://cdn-img.prettylittlething.com/c/7/e/f/c7ef860bd8d911e4d27449741351232d78cf5516_cnk1585_5.jpg?imwidth=2048,7719c59f713fb9129313fee7946e78696535c28d470bf1d97f1ca51b26aa278a
JEANS-0038,JEANS-0038.jpg,JEANS,1024,1536,249.8,https://www.thepulseboutique.com/cdn/shop/products/pants2.jpg?v=1528529962&width=5000,3e0238a7638f8ae6d05109ccb1e41aed172e30bb0af361243dbde79766f9abaa
JEANS-0039,JEANS-0039.jpg,JEANS,650,780,49.4,https://ae01.alicdn.com/kf/Sf06fef22e56c48779d5b3823f1261976a/Woman-s-pure-color-jeans-denim-high-waist-jeans-street-play-cultivate-one-s-morality-pants.jpg,046625d4d90cc426965ae9f178583e8de8878998d426c4062ed6fc6a6347b413
JEANS-0040,JEANS-0040.jpg,JEANS,1500,2000,629.4,https://oldnavy.gap.com/webcontent/0019/712/401/cn19712401.jpg,d9dc1d0ce41c58780f895a08ac1791f8af69ff9d09c341e2b4d61f47fc01059b
JEANS-0041,JEANS-0041.jpg,JEANS,1080,1350,280.4,https://images.bewakoof.com/original/women-s-blue-wide-leg-jeans-504382-1655991931-1.jpg,cd792fa2ff843c7defafb50350c7b89250279d95d04e1f0808b45139c1b96f30
JEANS-0042,JEANS-0042.jpg,JEANS,1080,1350,177.4,https://images.bewakoof.com/original/men-s-black-jeans-549313-1666163626-1.jpg,7f19b28e279ad850e46e2e95648c8f7d470afe17ce5a1501a14b77f15391ac7a
JEANS-0043,JEANS-0043.jpg,JEANS,2400,2729,585.9,https://cdna.lystit.com/photos/harrods/fa673702/balenciaga-Grey-Baggy-Jeans.jpeg,04f38890dd8b40996ad9332ba6c801d35506cdd98b357fcc6a12633959c2a71a
JEANS-0044,JEANS-0044.jpg,JEANS,2000,2667,1138.0,https://cdnc.lystit.com/photos/fa4d-2015/05/28/prps-black-distressed-demon-slim-fit-bleached-rip-repair-jeans-black-product-0-143499469-normal.jpeg,2c29ebc3973c8a73aa3402690f0cf525754c757727ef458de1b5d8f4778a46fa
JEANS-0045,JEANS-0045.jpg,JEANS,1340,2009,1750.6,https://www.na-kd.com/globalassets/nakd_high_waist_straight_jeans_1100-007155-0047_9155.jpg?ref=6A2DAC4B83,102c0280b06620b7b61f03fa938de051e3f9778f4dcf48687de512e3d6e7f3d7
JEANS-0046,JEANS-0046.jpg,JEANS,600,800,41.5,https://media.very.co.uk/i/very/W5G5I_SQ1_0000000267_LIGHT_WASH_MDf?$pdp_300x400_x2$&fmt=jpg,277fda2b78d1e76cefbaffba441b53705aeeed140fec6bd9b405c57a9bba10ca
JEANS-0047,JEANS-0047.jpg,JEANS,520,1424,552.8,https://img.ssensemedia.com/images/232609F069005_1/kimhekim-blue-wide-leg-jeans.jpg,f1bc68e048e15bae80736f427b923c3ce048ca8f0693ed475f027d95ee5aea3c
JEANS-0048,JEANS-0048.jpg,JEANS,750,1000,24.8,https://5.imimg.com/data5/SELLER/Default/2025/2/488811479/UR/DC/YT/238527362/denim-jeans-1000x1000.jpeg,d4e51877821b64abcf5dac47710c4464143d899743c68af091df9aef303fe75d
JEANS-0049,JEANS-0049.jpg,JEANS,1000,1500,149.8,https://imagescdn.pantaloons.com/img/app/product/8/873901-10419988.jpg,d458d620cef507ad611d8a1ed3ccd5122813b03bc3a2c771330850657bf7723f
JEANS-0050,JEANS-0050.jpg,JEANS,1128,2000,1113.8,https://cdn.cliqueinc.com/posts/287918/best-distressed-jeans-287918-1593042405793-main.1080x0c.jpg?interlace=true&quality=70,eca2af6417c4591461b72fce3145fd195227e25cabedf6e855d566f9830dc595
JEANS-0051,JEANS-0051.jpg,JEANS,740,1180,157.3,https://cdn-img.prettylittlething.com/9/5/4/0/954085e8fd56a4a730a0d3045a49d295418de8ab_cnb8728_1.jpg,5a4468c8762faeacc3ff63ccc6651a6d2eeb871caa290db5acdebc8e18b816f3
JEANS-0052,JEANS-0052.jpg,JEANS,1200,1500,122.4,"https://media.neimanmarcus.com/f_auto,q_auto/01/nm_4467678_100421_m",8419a940c0285a12e50ca8cecc24871c443d8dc88ce17f57b9a489f364181c9d
JEANS-0053,JEANS-0053.jpg,JEANS,800,1276,200.7,https://cdn-img.prettylittlething.com/c/a/3/2/ca32875fca2636aa6e7580683e5a5c5751da02b7_cnb8518_5.jpg?imwidth=800,81ef76e81d61d8a1f12a375cc1a7726df1c92c266a7fe3029d829d33e0f978fe
JEANS-0054,JEANS-0054.jpg,JEANS,500,750,225.7,https://cdn.thebluedoorboutique.com/images/D/0111-20.jpg,da8b515e76fe72085e9c883a80ea0a0a451a8b294abaef327d204001e7703531
JEANS-0055,JEANS-0055.jpg,JEANS,732,1420,50.1,https://www.noble-house.eu/out/pictures/master/product/1/jeansblackfront.jpg,923ff49de863e478a4ecf2585f3d203c51308641ba201a7e2150aa4727e58644
JEANS-0056,JEANS-0056.jpg,JEANS,1750,2625,656.0,https://frenchcrown.in/cdn/shop/files/J339_2.jpg?v=1710414777&width=1750,27c1ef0b49aa1efdee6ee32727db29b2b3824a7254c7123497a56248f8af10dd
JEANS-0057,JEANS-0057.jpg,JEANS,1000,1334,45.1,https://cdn-images.farfetch-contents.com/19/34/95/17/19349517_42532779_1000.jpg,651d3cbb6deacbb76b8bc2baf4034200aedb9ce08126fd3eaf0a274d7f649f83
JEANS-0058,JEANS-0058.jpg,JEANS,1500,2000,564.7,https://oldnavy.gap.com/webcontent/0053/465/967/cn53465967.jpg,38148c27550e4cb8b461204e457ecc7629e4d89cf3bae9990c6131f326ad2918
JEANS-0059,JEANS-0059.jpg,JEANS,400,857,144.9,https://d1fufvy4xao6k9.cloudfront.net/feed/img/man_jeans/962129/front_small.png,b45709ef90dea9a24ebf97cc96fac8d1544d081be808120c9d3ab6f9244758f9
JEANS-0060,JEANS-0060.jpg,JEANS,2858,3810,1028.8,http://offduty.in/cdn/shop/files/IMG_4074.heic?v=1726931715,2ec7575f15562d954df900aa7ceaab5eebb23ea11dbeae09745529213e031a38
JEANS-0061,JEANS-0061.jpg,JEANS,1020,1530,55.5,https://cdna.lystit.com/photos/2013/10/12/topshop-washed-black-moto-washed-black-baxter-jeans-product-1-14028769-853670710.jpeg,4b194e5ddabe1e57b3cdecaa31cc9eb177a116d6259c1fa8b385264ffb27ca18
JEANS-0062,JEANS-0062.jpg,JEANS,1500,2000,617.6,https://oldnavy.gap.com/webcontent/0050/224/047/cn50224047.jpg,5b818645aca880f3ed702581f44ebea31a2f94f009ead973af3ec20d357b3d9b
JEANS-0063,JEANS-0063.jpg,JEANS,1550,2133,256.8,http://www.rainbowshops.com/cdn/shop/products/3074071610316404_001.jpg?v=1689406051,eb844f5c733a267c9426c6a94c3936805b440c7d6fdc0827fbb710fc0d981fd7
JEANS-0064,JEANS-0064.jpg,JEANS,1920,2880,1020.9,https://www.boggi.com/on/demandware.static/-/Sites-BoggiCatalog/default/dwca5c6a2b/images/hi-res/BO19A105701.jpg,bad779b939771dfbb382a4ebe776a2a4914437e11ee19a68373d4de7fd6de82e
JEANS-0065,JEANS-0065.jpg,JEANS,600,800,51.2,https://media.very.co.uk/i/very/W5G5I_SQ2_0000000267_LIGHT_WASH_MDb?$pdp_300x400_x2$&fmt=jpg,c29b535cfed85d81ab2b8f1d17ba37df30f6fad475ff58adef361227ad379207
JEANS-0066,JEANS-0066.jpg,JEANS,1400,1867,276.3,https://offduty.in/cdn/shop/files/IMG_4056_1400x.heic?v=1726931712,c68202c8b0185ee01ff785534ae5424b060757fdcb8bf9d51e1a567d5068ad98
JEANS-0067,JEANS-0067.jpg,JEANS,1020,1360,365.7,https://img-lcwaikiki.mncdn.com/mnpadding/1020/1360/ffffff/pim/productimages/20252/8022713/v1/l_20252-w57030z8-grd-97-76-95-190_a2.jpg,e577965d18a751b44de0a4e3296faa4cb8efa5095b8b4d7eda75fd8d50c1b090
JEANS-0068,JEANS-0068.jpg,JEANS,1200,1500,143.8,https://cdna.lystit.com/photos/4c58-2015/06/03/prps-blackwhite-dalia-destroyed-distressed-denim-jeans-black-product-2-337172521-normal.jpeg,893ae98c7cc78560681aa012e282c13f2c702bce90c9d58bc1e6c90433e83615
JEANS-0069,JEANS-0069.jpg,JEANS,1340,2014,688.2,https://www.na-kd.com/globalassets/nakd_organic_skinny_high_waist_jeans_1660-000120-0047_01c-1.jpg?ref=619E6CEA6A,43430cef6c88cbc3394ed506923def545a743393bc5bf0a6af4002688f7ff5ca
JEANS-0070,JEANS-0070.jpg,JEANS,750,1000,118.5,"https://xcdn.next.co.uk/common/items/default/default/itemimages/3_4Ratio/product/lge/N02146s2.jpg?im=Resize,width=750",8e1aede9917137021a36fd47a44d08d9ef1ea0b8e06bc68a8d74d3a2bf429447
JEANS-0071,JEANS-0071.jpg,JEANS,800,1200,303.0,"https://img-va.myshopline.com/image/store/2005064183/1681718798653/OBDEJNS34856.jpg?w=800&h=1200,https://img-va.myshopline.com/image/store/1681718798653/OBDEJNS34856-1.jpg?w=800&h=1200,https://img-va.myshopline.com/image/store/1681718798653/OBDEJNS34856-2.jpg?w=800&h=1200",ded47e179fef4110cf9855414bd5f858a090e075ea6d3209e085f6e0c225f21f
JEANS-0072,JEANS-0072.jpg,JEANS,1080,1350,212.8,https://images.bewakoof.com/t1080/women-s-dark-blue-wide-leg-jeans-blue-636521-1712928664-5.jpg,7c397fa2d6d08ac734de384add98604a20bd82fd847507eef1bcd9eb12434b63
JEANS-0073,JEANS-0073.jpg,JEANS,797,1000,28.8,https://5.imimg.com/data5/SELLER/Default/2024/9/448741418/OH/OS/FZ/82077640/kd-straight-fit-black-jeans-1000x1000.jpg,d0b08c926ad396d2e3b0d19d63a8a44a458c4e4c361826f1bca40e0a83342872
JEANS-0074,JEANS-0074.jpg,JEANS,1080,1350,628.6,https://images.bewakoof.com/original/men-s-stone-grey-jeans-629162-1703589746-1.jpg,d14b6e1f16c5b039cdcf57010fc4154b691d62d227bcb2f2e6eff86120848319
JEANS-0075,JEANS-0075.jpg,JEANS,1024,1536,230.3,https://cdn.shopify.com/s/files/1/0525/4069/products/pants3_1900x.jpg?v=1528529962,a13c771a460f95b036ff5e4564b0130f5a1c42ad215f0034eaeaa2d73f9c8445
JEANS-0076,JEANS-0076.jpg,JEANS,1340,2010,171.2,https://www.na-kd.com/globalassets/nakd_high_waist_skinny_jeans_1100-001879-0047_01c.jpg?ref=F947B4254A,ac06cbd376e26a297b21b6914690351f9fa189fdd560a6bf897e1253f8c8242e
JEANS-0077,JEANS-0077.jpg,JEANS,800,800,48.4,https://resources.mandmdirect.com/Images/_default/f/d/3/fd30111_2_cloudzoom.jpg,f62f33f639fb0e38585d79d859d2a51fdd43b2c5fac1c0565ce18ea41f01ec75
JEANS-0078,JEANS-0078.jpg,JEANS,600,750,48.4,https://www.therevury.com/cdn/shop/products/reformation-clothing-small-26-light-wash-straight-jeans-29842077843538_600x.jpg?v=1680102556,e76d7382b7833012007b448540385ca570d0a5d9d313c34ad0a14a2309f0b728
JEANS-0079,JEANS-0079.jpg,JEANS,600,899,275.8,https://cdn.sosandar.com/media/catalog/product/cache/0ad62aa88f50338ba969372be71afacb/w/e/web_2502_23_s24bd038be0010_s25ow019we0001_s24bd038dm001w_23_044_rc.jpg,0684708190b50870663cf697cfb6402b518c64a26b0f4a395ece6b2c794a99a5
JEANS-0080,JEANS-0080.jpg,JEANS,600,1286,268.6,https://d1fufvy4xao6k9.cloudfront.net/feed/img/man_jeans/419794/front.png,5f3287738a8050bf584dfbb57f4b1395d81bded244b93faa4fe342e8efbb1582
JEANS-0081,JEANS-0081.jpg,JEANS,1200,1500,134.6,https://denimology.com/wp-content/uploads/2023/12/7f.jpg,0e87c7c1480dd1ab2c55b9debb52fab9607120c15d18bffa26f4f154df2c6eef
JEANS-0082,JEANS-0082.jpg,JEANS,700,700,24.7,https://stitchexpo.com/wp-content/uploads/2025/03/custom-distressed-jeans.jpg,718959cb4482efa8cd5730c2dd75e8c04522eb0dcdd49efde7deb81a66df6297
JEANS-0083,JEANS-0083.jpg,JEANS,1000,1350,219.7,https://www.alcott.eu/dw/image/v2/BDJZ_PRD/on/demandware.static/-/Sites-catalog-alcott-master/default/dw2c3405a4/hi-res/5T3276DOX12_D004_001.jpg?sw=1000&sh=1350&q=90&strip=false,6a20a8b73ff992eeee6f0e5bcd88869aa55fb720227ca8105f4ef5d2b76f996c
JEANS-0084,JEANS-0084.jpg,JEANS,1080,1080,100.3,http://dearborndenim.us/cdn/shop/products/Slim_Fit_Dark_Wash-Angle_02.jpgTailored_Dark_Wash-Angle_02.jpg?v=1558701224,b7f2e24b7ed14d79d2157eb4fb3e93841b116502ae410230dd6e4a9a8c9ab186
JEANS-0085,JEANS-0085.jpg,JEANS,1280,1280,255.0,https://media-photos.depop.com/b1/53458264/2439431046_5c6333af32a74d5a846593a523ff558c/P0.jpg,0f9ef3d7bd0d2adadcc5999e7e0129b93d52169e88262e7ccb893a69d29c3c55
JEANS-0086,JEANS-0086.jpg,JEANS,600,800,154.0,http://pashaazz.com/cdn/shop/files/result_6b05d7c9-11f1-47ac-9f97-d9fb14e2dc31.png?v=1723116225,3e3ac27f2e3fd289dfd8a04ae85fb5bf0d99e813561d497ec2d7515c3d39f745
JEANS-0087,JEANS-0087.jpg,JEANS,2400,3600,387.4,https://n3.sdlcdn.com/imgs/c/v/c/Nifty-Black-Denim-Jeans-SDL374979742-3-8eb09.jpg,fedb59834c5d89b7b20e4ee4263bfe923aff57c934985d5bc5fcecfba863d184
JEANS-0088,JEANS-0088.jpg,JEANS,800,1209,72.0,https://fixatedofficial.com/wp-content/uploads/2022/11/shes-genuine-high-rise-distressed-mom-jeans_light-blue-denim_1_1_c1.jpg,03a11200b85c4d41ce72de5ac7e08757df67e42cc393b0627a243aca8d4e363a
JEANS-0089,JEANS-0089.jpg,JEANS,720,1080,46.1,https://www.subdued.com/media/catalog/product/e/1/e1078cpcol049-3_9.jpg?optimize=high&fit=bounds&height=1080&width=720&canvas=720:1080,e1fb9910edbd4284a56595c74f7827d15bfba5616a0e877726b1ada4a26ac164
JEANS-0090,JEANS-0090.jpg,JEANS,600,800,65.4,https://media.very.co.uk/i/very/VMQEV_SQ4_0000000073_DARK_WASH_MDd?$pdp_300x400_x2$&fmt=jpg,a6aabce7c7d98e43b14c3ae38a8f8aef78d4fe5ae12057b07d939330a008c330
JEANS-0091,JEANS-0091.jpg,JEANS,1760,2040,182.8,https://cdnb.lystit.com/photos/dillards/95821644/silver-jeans-co-Indigo-Zac-Relaxed-Fit-Straight-Leg-Light-Wash-Jeans.jpeg,a4c9f75713a15a08f4c1f45d1b2dc76c89e51391e3da73a0ef78bb3a09181438
JEANS-0092,JEANS-0092.jpg,JEANS,1080,1350,420.2,https://images.bewakoof.com/original/women-s-blue-wide-leg-jeans-592254-1684148438-1.JPG,9eeb7855748d2f1b2c8556b67b9bf047162cc963a8c193d3bb2f07f6b02805e7
JEANS-0093,JEANS-0093.jpg,JEANS,2051,3000,472.5,https://squirehood.com/products/products/light-grey-denim-slim-fit-jeans-for-men-RKSQ52_1.jpg,22da77a0abfdbf967b833385b6bd57c0f5be7a2e8a9527b74e30ea030ed5574a
JEANS-0094,JEANS-0094.jpg,JEANS,1128,2000,1365.6,https://cdn.cliqueinc.com/posts/287918/best-distressed-jeans-287918-1593042418527-main.1080x0c.jpg?interlace=true&quality=70,1059af8f6ab27c1c8ffff18fe7d4183d8f533d75715a16d5dcdd66d578373333
JEANS-0095,JEANS-0095.jpg,JEANS,1340,1785,465.2,https://unitejeans.com/wp-content/uploads/2023/08/high-waist-wide-leg-jeans.jpg,cc0cba3b091bd479134c9662d33777581b4aa5765703bc502c99e99366bd4da6
JEANS-0096,JEANS-0096.jpg,JEANS,1800,2400,289.2,"https://cdn.platform.next/common/items/default/default/itemimages/3_4Ratio/product/lge/K90416s2.jpg?im=Resize,width=750",0a6b54acb58858e3b962e7d5fcc9ce56d1abaaf186751fde40b80a289f02eb8f
JEANS-0097,JEANS-0097.jpg,JEANS,640,800,178.3,https://images.bewakoof.com/t640/men-s-blue-baggy-wide-leg-jeans-624692-1726048653-1.jpg,db8c1fb38b13974c57fa83fd0c7de4a120755875ed054f33d06d2d9c8b5a74de
JEANS-0098,JEANS-0098.jpg,JEANS,500,500,21.3,https://5.imimg.com/data5/XO/LG/MY-9505081/men-s-carbon-black-jeans-1000x1000.jpg,7e412e8a4b9b3d3ed80b73241dee37feb959f8e3c99703de11a5bd9512d779c8
JEANS-0099,JEANS-0099.jpg,JEANS,1000,1000,1026.7,https://namelessdenim.in/wp-content/uploads/2025/07/Loose-fit-carpenter-grey-jeans-2.png,69172e8b956bb6114063fcd563a3db1267b54653b0bd86c86b2811d53c328cd6
JEANS-0100,JEANS-0100.jpg,JEANS,800,960,399.9,https://www.urkoolwear.com/media/catalog/product/cache/1/image/9df78eab33525d08d6e5fb8d27136e95/2/2/22_450.jpg,770dd2fa230688f6df08f38d56034add256d8ebf132d653a92c7010fc51eab9c
JACKET-0021,JACKET-0021.jpg,JACKET,1920,2880,2079.2,https://cdnb.lystit.com/photos/121d-2015/04/07/armani-jeans-blue-denim-jacket-product-3-370807689-normal.jpeg,f9486f1e3ed190964c4bf8a411ad2f358d395a1cf623ff6a06981cc0896b1611
JACKET-0022,JACKET-0022.jpg,JACKET,800,1200,194.7,http://cdn.shopify.com/s/files/1/0293/9277/products/10-04-22Studio5_KJ_DJ_10-17-34_13_NHWJ3344_Red_0059_ES_1200x1200.jpg?v=1664930119,03f8e3a064ed1c790db096245a7c70f186081640a142eb01a44267eb8eacf555
JACKET-0023,JACKET-0023.jpg,JACKET,1600,1597,290.7,https://i.ebayimg.com/images/g/SucAAOSwW41m12bC/s-l1600.jpg,c5a0c4e0c6d7a03122ca363b4c51b89020bfe9416beb467c38b30f19d15021f9
JACKET-0024,JACKET-0024.jpg,JACKET,601,901,84.9,https://cdn.dsmcdn.com/mnresize/600/-/ty469/product/media/images/20220707/8/136460503/96878488/2/2_org_zoom.jpg,173eeb65920f31297de51b5197c3b2e5cb428d60eb5af382a9c10d71e076ac80
JACKET-0025,JACKET-0025.jpg,JACKET,2160,3240,905.5,https://image.hm.com/assets/hm/4b/e1/4be17022e7b0feac4ea4e852f71550a750f59d29.jpg?imwidth=2160,71edeae7538a58d051992c190384475ed3bea1f3d14baa35c676e2b0800c335a
JACKET-0026,JACKET-0026.jpg,JACKET,4016,4000,1725.9,http://aoneleathercraft.com/images/21667193075542.jpg,f6f909dcad891f9cab1bb469f9cbcb1cf76e5931a09a79befaf57afc1ef70508
JACKET-0027,JACKET-0027.jpg,JACKET,678,1024,77.5,https://raydarmagazine.com/wp-content/uploads/2022/11/Best-Red-Puffer-Jackets-Lovers-and-Friends-678x1024.jpg,5a64aa8aedfe31807ca76d05e14eb4445ef77ccc072f02caeadc796a67c1dcb2
JACKET-0028,JACKET-0028.jpg,JACKET,1100,1504,530.4,https://www.togometry.com/images/product/baukjen-drake-organic-cotton-utility-jacket-deep-khaki.png,e0fb7c93ea65c8ac9780a7bbd3fe4643caf27327ab52fc0c2b908d08ae2b1f0a
JACKET-0029,JACKET-0029.jpg,JACKET,765,900,80.8,https://thegenuineleather.com/wp-content/uploads/2019/12/Mens-Biker-Brown-Leather-Jacket.jpg,4ae59b1f468786163fa6b118df3bad927ca80fd59f6a8b6fdaba387310870fb4
JACKET-0030,JACKET-0030.jpg,JACKET,2050,2666,280.2,https://vaara.com/cdn/shop/files/VOTW046RED_0463.jpg?v=1708013563&width=2050,1e6b556177b48a06281906f4737cb9931f4b1cf4ca5d87aea5e2a30c391fee6b
JACKET-0031,JACKET-0031.jpg,JACKET,750,1000,82.3,"https://xcdn.next.co.uk/common/items/default/default/itemimages/3_4Ratio/product/lge/AM1288s.jpg?im=Resize,width=750",bb2c387a94e9ed43581cd44cc6e0f79c6229dd254f298dd2226c4eefbe9367b3
JACKET-0032,JACKET-0032.jpg,JACKET,1079,1080,132.6,https://media.karousell.com/media/photos/products/2024/6/7/japanese_workwear_jacket_1717738992_900b0e2e.jpg,91fce2e25e42beeccd4750794221d15c53d47647e7b78782b704ce9d601f25d3
JACKET-0033,JACKET-0033.jpg,JACKET,3723,5148,1450.4,http://www.coobalondon.co.uk/cdn/shop/products/OLIVEFINAL.jpg?v=1637893912,8a03d873d4dad1d87df0df6e97a1613f060217f084de9d890b895e8f0058267b
JACKET-0034,JACKET-0034.jpg,JACKET,850,995,83.1,https://n4.sdlcdn.com/imgs/g/m/n/INDIGEN-Blue-Denim-Jacket-SDL136799224-1-0286e.jpeg,f29ce488b37571f8e45f7314054e57e5b27f854819630bb8d178617d1ce3d702
JACKET-0035,JACKET-0035.jpg,JACKET,1457,1699,166.5,https://www.arcanefox.com/cdn/shop/products/Mens-Leather-Puffer-Jacket-In-Red-With-Removable-Hood-a.jpg?v=1672151944,b8240f93778b332a279333dfa6447fec04b347d827d000c904f86ee6c31fbbe4
JACKET-0036,JACKET-0036.jpg,JACKET,1000,1000,327.1,https://fiqrasportspk.com/resources/media/xlarge/vsj-965-varsity-jacket.jpg,9416901d7889b9cb9d5ef52c85057f377d82f42aa1a6bd75544e5580788f5643
JACKET-0037,JACKET-0037.jpg,JACKET,1600,2000,175.1,http://www.mohawkgeneralstore.com/cdn/shop/files/259674_IMG_0257.jpg?v=1711145293,cec0383958b45edd6926d6e494fe525a7bd8f1c82e49970be3440b96d27a1eab
JACKET-0038,JACKET-0038.jpg,JACKET,1000,1000,73.3,https://5.imimg.com/data5/SELLER/Default/2022/6/QS/NO/KS/30150820/denim-full-sleeve-jacket-1000x1000.jpg,4b0f2433320ec10c540fa42c78e7bd61a27af48588aa0376a3b1e69ca0d3ba9b
JACKET-0039,JACKET-0039.jpg,JACKET,768,1024,21.7,https://leatherjacket.co.nz/wp-content/uploads/2024/04/brown-leather-jacket.webp,8d90eb4b3de438807a2d79187088fe2b3ccfaf0083cbf0b0570fbacf17e9a3be
JACKET-0040,JACKET-0040.jpg,JACKET,560,840,70.4,https://www.lulus.com/images/product/xlarge/12235181_2552511.jpg,e45e4c5de52f583d441212bc41783d324738f27df9618d262096d6d5dd6bfabb
JACKET-0041,JACKET-0041.jpg,JACKET,500,500,23.3,https://5.imimg.com/data5/KM/WQ/LH/ANDROID-9390578/product-jpeg-500x500.jpg,9120683d561e9521147fc3fcb81a807e17426cc614a6519df0f31bbcddc43d61
JACKET-0042,JACKET-0042.jpg,JACKET,681,587,52.3,https://media.karousell.com/media/photos/products/2024/1/15/japanese_workwear_jacket_1705351593_1657cf9a_progressive.jpg,8c00146a1f1cdff0932369df19b1e50ae0707a84655be6ee6f575335af38c7fd
JACKET-0043,JACKET-0043.jpg,JACKET,600,600,13.7,https://usaleatherjackets.com/wp-content/uploads/2023/10/olive-green-varsity-jacket-unisex.webp,3051bebd37271e581977430eef941a13b6548242f316aae74d7a9825e8f6f749
JACKET-0044,JACKET-0044.jpg,JACKET,1500,1500,245.1,https://cdn-s3.touchofmodern.com/products/002/559/382/ad2c6493f161ce732b165d5570e28fb5_large.jpg?1670452925,2431a8cf282a31dc93ff51ed1308d63e6d20c951254dd74cadc5614bc1efdd6e
JACKET-0045,JACKET-0045.jpg,JACKET,821,1000,62.9,https://5.imimg.com/data5/SELLER/Default/2023/1/BW/TM/US/149268578/varsity-jacket-1000x1000.jpg,a0dc3ba31d96d7a264dea9e55f6c9b5452cf1e80cde4c58cf138eb9e4650f2d6
JACKET-0046,JACKET-0046.jpg,JACKET,1080,1080,275.0,https://media.karousell.com/media/photos/products/2024/10/1/mens_japanese_workwear_jacket__1727759964_425d142c.jpg,e8b68391e5689911dab02a0031431ff8bbb07038d147cbf723fe43373d6994c3
JACKET-0047,JACKET-0047.jpg,JACKET,1080,1440,162.8,http://assets.myntassets.com/assets/images/10679220/2019/11/18/ec932921-f003-463d-94ff-fe1879d966861574053560241-Roadster-Men-Jackets-861574053558432-1.jpg,10abdad82afb65490fa5f2ebb49b95dc2fb6ae473c344d4e79d9a9574a7a1afe
JACKET-0048,JACKET-0048.jpg,JACKET,757,1000,89.5,https://5.imimg.com/data5/SELLER/Default/2023/8/339668896/LS/TQ/CQ/186148228/men-blue-denim-jacket-1000x1000.jpeg,1f80e765899e1b55fcece6034dd1f8dfc421ed1943841ca6178bbd54af80f0ce
JACKET-0049,JACKET-0049.jpg,JACKET,600,600,33.8,https://usaleatherjackets.com/wp-content/uploads/2024/05/VintageBrownLeatherBomberJacket_2_1800x1800-600x600.webp,7a22670c5d7709403a453803885a3584d45feec8874bb1b737a0f131aa95c258
JACKET-0050,JACKET-0050.jpg,JACKET,1200,700,101.3,https://www.danezon.com/wp-content/uploads/2020/10/Mens-Red-Puffer-Jacket-with-Hood.jpg,f008426217862d4765d1a0f70f2ff0cecb0653ce539e6beb90544f51b418538c
JACKET-0051,JACKET-0051.jpg,JACKET,657,1000,803.5,https://5.imimg.com/data5/IOS/Default/2022/10/ZW/AQ/KF/35834495/product-jpeg-1000x1000.png,139345776cd8e5d1ae6c1faa45789c4dadca4d5dbde1db8e21e34e877b5e384d
JACKET-0052,JACKET-0052.jpg,JACKET,1125,1406,42.9,https://image.production.fruitsfamily.com/public/product/resized@width1125/bgnZtLDPZB-12F9EEE8-BBF5-4001-8293-B87BC8D87EA4.jpg,bdc47a904267efed68716d92c5592c349337ffd5b9fc59da5abb03744861eda7
JACKET-0053,JACKET-0053.jpg,JACKET,1600,2000,289.6,https://www.mohawkgeneralstore.com/cdn/shop/files/259674_IMG_0264.jpg?v=1712066625,d96bab529c8615446d36d5ec9afff3e9fe88b310f2447ff264b594ec89653cb3
JACKET-0054,JACKET-0054.jpg,JACKET,1600,1600,268.4,https://cdn.shopify.com/s/files/1/0577/6945/9877/products/4767817-Amara-Reya-Outwear-Denim-Jacket-Light-Blue-Wash-3_1600x.jpg?v=1676472728,b1b9c4e67eca5295d2f81d8a272d0431c1596146dff2161124af04c68ea03416
JACKET-0055,JACKET-0055.jpg,JACKET,1020,1200,261.6,https://www.bossjackets.com/wp-content/uploads/2024/03/Carlo-Brown-Leather-Jacket-2.jpg,7a29a0b8b53551a8c7615558609f1512b0899608d4c1dd658c62e76d6b6769c2
JACKET-0056,JACKET-0056.jpg,JACKET,920,1000,1132.1,https://5.imimg.com/data5/IOS/Default/2024/8/442704149/GM/DC/SA/164357524/product-jpeg-1000x1000.png,fce8ddf77b83589da098007d1267aa0706e9c1a255764d5736c4538b42f5ca93
JACKET-0057,JACKET-0057.jpg,JACKET,2048,2800,301.1,https://www.baukjen.com/cdn/shop/files/203_JK40119-DPH_TR40227-DAR_SH40223-DIN_TP40696-PWH_2.jpg?v=1708528388&width=2048,291ef8b6b7b0bc58d28ad3847875bd82d434287d163d59690a1540082a9f5eb4
JACKET-0058,JACKET-0058.jpg,JACKET,1080,1080,206.8,https://media.karousell.com/media/photos/products/2024/1/16/mens_japanese_workwear_bomber__1705386537_c08d2d3f_progressive.jpg,a17d5bc7d450abb1c4ce881f7edffc9e62fb228922dadabe81865905ddf42807
JACKET-0059,JACKET-0059.jpg,JACKET,1792,2304,293.6,https://kalawear.com/cdn/shop/files/Olive_Luxe_Bomber_Jacket.jpg?v=1728871478,ce2d817d309096650d619abe6c9e045f03d81a41842f2979bceb55ed17031deb
JACKET-0060,JACKET-0060.jpg,JACKET,1124,1416,66.3,https://thegenuineleather.com/wp-content/uploads/2019/08/Brown-quilted-leather-jacket-for-men.jpg,e729e0e591e901db819d94440b82853f626e41a98ad3bbc9d3935603c22769c2
JACKET-0061,JACKET-0061.jpg,JACKET,800,1200,177.9,https://cdn.shopify.com/s/files/1/0293/9277/products/10-13-22Studio5_RT_DJ_13-14-48_51_NHWJ3344_Red_P_0613_PLUS_PB_1200x1200.jpg?v=1665790568,610b099b6357bb346e8d81b3cfb4bbebf54709c191a03add926fb778a6edacbb
JACKET-0062,JACKET-0062.jpg,JACKET,375,500,17.1,https://5.imimg.com/data5/SELLER/Default/2023/3/IU/TW/AJ/136084445/8-1014-500x500.jpg,c5bc5b53dc91e02ae43d06bb54366e8d95c52bd7baa60f07164679dca9059c72
JACKET-0063,JACKET-0063.jpg,JACKET,2400,2400,360.3,http://i1.adis.ws/i/truworths/prod3191413_1.jpeg,2c183c4f27ec24dedb0138a0f9a5fa4e136ef9cb1ca9b49e319c6996ea51bd42
JACKET-0064,JACKET-0064.jpg,JACKET,879,1080,99.5,https://media.karousell.com/media/photos/products/2024/10/1/vintage_japanese_workwear_jack_1727756443_fb5c0ce2.jpg,c03512db737f44d17062272286e13cb5e7d42fee707afa50c1155004f25bd044
JACKET-0065,JACKET-0065.jpg,JACKET,1500,1500,206.4,https://cdn-s3.touchofmodern.com/products/002/173/932/0640b11c036fb14a4af1f132c5d16f8a_large.jpg?1625866828,acacb2e9947aac750ab3dde27e75b27f1803305a2d470722861de8b5223c7715
JACKET-0066,JACKET-0066.jpg,JACKET,600,766,149.1,https://wear-next.com/wp-content/uploads/2023/02/Brave-Soul-bunny-hooded-puffer-jacket-in-red.jpg,bd17fd0931e26b09700d83c36a3a8746684aa66902d50e93f8e913a445a32471
JACKET-0067,JACKET-0067.jpg,JACKET,1000,1000,973.5,https://5.imimg.com/data5/IOS/Default/2024/8/444000493/BP/QA/ZZ/164357524/product-jpeg-1000x1000.png,b97c69d47838cdab4b25cdc6086e96ece5dc5ee6215415ff92d890fea25e4592
JACKET-0068,JACKET-0068.jpg,JACKET,2250,3000,387.0,https://media.johnlewiscontent.com/i/JohnLewis/009826339alt3?fmt=auto&$background-off-white$,aaa8cac1317b54f24c98a49c4a9b9846e6001a23c18e5ff77700bb1a9953e0aa
JACKET-0069,JACKET-0069.jpg,JACKET,1000,1333,70.1,https://img.gem.app/503244695/1f/1695388354/japanese-brand-workers-workwear-long-jacket.jpg,5d8e0774760cc295db6c5733f01df7dcc3ebf0e69c95676a0c3e50409048cd79
JACKET-0070,JACKET-0070.jpg,JACKET,1500,1500,472.8,https://cdn-s3.touchofmodern.com/products/002/501/776/3ade72c9f18a1070af545945c65a2064_large.jpg?1665097239,497c58376d14c43bec59b67b9254db712bb49b3ecd1aa7a8140613702abbe566
JACKET-0071,JACKET-0071.jpg,JACKET,1080,1350,638.3,https://images.bewakoof.com/t1080/men-s-blue-denim-jacket-558306-1670236402-8.jpg,352bb023d74a95c6b216bbb1f85bdb806607e39ebdc406a88ef32cd8d2c7c696
JACKET-0072,JACKET-0072.jpg,JACKET,600,754,63.3,https://urbanleatherjackets.au/wp-content/uploads/2024/02/Mens-Biker-Motorcycle-Vintage-Distressed-Brown-Bomber-Winter-Leather-Jacket-back-600x754.webp,8d7ef0fb67ac62e910ae68ab3708570c1eab6c0c101a44fe482ef69b14ac2ed6
JACKET-0073,JACKET-0073.jpg,JACKET,510,680,26.8,https://www.fitjackets.com/product_images/Red-Puffer-Jacket-510x680.webp,ba70121f5e653fb6590677116f4ba37eccff0a1bc659111b02935e52ba832022
JACKET-0074,JACKET-0074.jpg,JACKET,1000,1000,639.6,https://5.imimg.com/data5/IOS/Default/2024/8/444000353/AN/RR/NP/164357524/product-jpeg-1000x1000.png,1be516af0d198a5f2b66d9079d285137dfe9f21e16eb48bb5be33084a9d4cf76
JACKET-0075,JACKET-0075.jpg,JACKET,713,975,61.6,https://www.baukjen.com/cdn/shop/files/203_JK40119-DPH_TR40227-DAR_SH40223-DIN_TP40696-PWH_4.jpg?v=1708528388&width=713,16861d806f2e21f2602ef21a27a2b3262b5d9a20ba0c2f62e7b4d7a81d055caf
JACKET-0076,JACKET-0076.jpg,JACKET,1080,1080,161.9,https://media.karousell.com/media/photos/products/2025/3/24/exoah_made_in_japan_work_wear__1742789751_260cb08f.jpg,346cc8ce203ab9dd5b29c56954ac215420816cc7a3a0c4f6098c439b3c481018
JACKET-0077,JACKET-0077.jpg,JACKET,1080,1440,130.3,https://assets.myntassets.com/assets/images/14373608/2021/8/12/84df1362-6eff-4239-9ea3-cb7c874646921628746663484-Roadster-Men-Olive-Green-Padded-Jacket-2361628746662927-1.jpg?,2d279c4da15d83e18ac065b146b7a0563754ae466351a8f5d7ebf865c75c919a
JACKET-0078,JACKET-0078.jpg,JACKET,600,600,12.4,https://urbanleatherjackets.au/wp-content/uploads/2023/10/Men-Brown-Vintage-Leather-Jacket-back-600x600.webp,66d5b9e5e601a5ec567c5f25a4edff6efc5fa88baf326121ca085496f4e33dbf
JACKET-0079,JACKET-0079.jpg,JACKET,464,556,287.7,https://genuineleatherjackets.com/wp-content/uploads/2022/01/Red-Shearling-Puffer-Jacket.png,70d11a47e4f6463265ca11059554e8dc72e7f767cc9c97a9a6be21c2d3a6f808
JACKET-0080,JACKET-0080.jpg,JACKET,1000,1000,969.3,https://5.imimg.com/data5/IOS/Default/2024/8/444000395/SH/BJ/HX/164357524/product-jpeg-1000x1000.png,b072d6f61634140a3f8eeedf4bef2676614aa0012db79cb74cb32999bf18e672
JACKET-0081,JACKET-0081.jpg,JACKET,1425,1425,375.8,https://www.flannels.com/images/imgzoom/66/66173015_xxl_a4.jpg,821587fd44bfb1d32a326ca7a89c6aafad6e0dcf3f0b2b9d6158b49c60a00278
JACKET-0082,JACKET-0082.jpg,JACKET,1280,1280,171.0,https://media-photos.depop.com/b1/31710290/2988871284_77bd2cda6a8b44d793c65bd36da0f6ab/P0.jpg,4191dd0f675918a1d818bed684e0927c9171214a0707d68223f792b364fcad55
JACKET-0083,JACKET-0083.jpg,JACKET,856,1419,716.9,https://img.ssensemedia.com/images/222830M178004_1/red-puffer-jacket.jpg,b723c421ea8496da612a55801af3f4c217157453649a8c13da2233db7a42a97f
JACKET-0084,JACKET-0084.jpg,JACKET,1000,750,515.9,https://5.imimg.com/data5/IOS/Default/2022/12/CK/OQ/NK/89859665/product-jpeg-1000x1000.png,35cf3697a9651819aa7d96aa854fd9abb1d71022bdcd0780ca94ae9598bde095
JACKET-0085,JACKET-0085.jpg,JACKET,2400,2400,415.6,http://i1.adis.ws/i/truworths/prod3194071_1.jpeg,579287ee2239886e3af1869315f369ec9304c83efac9c6149208896fe9398ad5
JACKET-0086,JACKET-0086.jpg,JACKET,1080,1080,158.6,https://media.karousell.com/media/photos/products/2025/9/17/vintage_japanese_workwear_jack_1758118398_53cf6735_progressive.jpg,48fc9bac5d24040b9462c8b57ea9a9832b8a9b39b0fd5f29c08b7604030c677e
JACKET-0087,JACKET-0087.jpg,JACKET,1500,1500,98.7,https://cdn-s3.touchofmodern.com/products/002/328/777/9f2e197d61c7140e658a36515a7791fc_large.jpg?1644267674,9ca4f9cc3de31f215d32814ba4a43507b3d361ae9d92aea36196ae6a09a9e736
JACKET-0088,JACKET-0088.jpg,JACKET,1000,1000,63.0,https://ultimateleather.pk/wp-content/uploads/2022/08/Bikers-Brown-Leather-Jacket-2.jpg,64d93c5b5c027249732feee825772c55e48911838a1be4393a4dc298a179e81f
JACKET-0089,JACKET-0089.jpg,JACKET,2000,2667,482.6,https://cdna.lystit.com/photos/saksfifthavenue/74cd8114/moncler-red-Maya-Shiny-Puffer-Jacket.jpeg,859c6d24830b44e0f203bf2d7eb008ba3b527297d6ddd1f543eab1d48cd13a16
JACKET-0090,JACKET-0090.jpg,JACKET,667,1000,89.5,http://5.imimg.com/data5/SELLER/Default/2023/4/299984284/WM/PZ/BG/89594807/varsity-jacket-1000x1000.jpeg,89156c4865f5585230e916a0e58e18460b1e2c2365e81b421c00ebef80bc1330
JACKET-0091,JACKET-0091.jpg,JACKET,1600,2000,137.5,https://www.mohawkgeneralstore.com/cdn/shop/files/259674_IMG_0253.jpg?v=1712066625,303f65845585d965d0a8224e6705642a0a995f82a8a36aee2ed66d0730a7ada3
JACKET-0092,JACKET-0092.jpg,JACKET,1500,1500,110.7,https://ultimateleather.pk/wp-content/uploads/2017/12/New-Look-Denim-Jacket.jpg,da3332e34ebaf56b5118d12a0d41f5c6be35ab5fdc140ba153d2e5b0d112feac
JACKET-0093,JACKET-0093.jpg,JACKET,630,800,228.5,https://www.thepufferjackets.com/wp-content/uploads/2022/05/Glossy-Red-Parachute-Cropped-Puffer-Jacket.png,c2607a061b0f5d65748b6702121c77719afb58d4ce67a87f6ef863d2f1cb8fc4
JACKET-0094,JACKET-0094.jpg,JACKET,667,1000,30.2,https://5.imimg.com/data5/SELLER/Default/2023/11/357762114/YE/IW/XO/115308702/varsity-jacket-1000x1000.jpg,882642f4bf0813f5df7fb3282535b4c86b708bf1665cb513a9efe980462c6dc6
JACKET-0095,JACKET-0095.jpg,JACKET,1200,1500,116.7,https://media.capeunionmart.co.za/i/capeunionmart/105015099_C23_1?$zoom$,5489752b4f34c46d2b00daa06b221d06fc0507dcf2305aca959fa1f71d440b4c
JACKET-0096,JACKET-0096.jpg,JACKET,794,794,116.0,https://i.etsystatic.com/49362796/r/il/f7e8f9/7121827175/il_794xN.7121827175_swy8.jpg,7d51e2c60686c7eb00b0a08f828b70d5320b80c27441a3cbda65d31f4f4ee99c
JACKET-0097,JACKET-0097.jpg,JACKET,880,1130,281.8,https://cdnd.lystit.com/photos/ca64-2015/12/25/topman-olive-olive-bomber-jacket-green-product-3-302525527-normal.jpeg,3e64d31c26fc261caa2434039c9b5a0206858f413b1f12b40a8166331c24b15d
JACKET-0098,JACKET-0098.jpg,JACKET,1020,1200,125.8,https://www.bossjackets.com/wp-content/uploads/2023/11/Red-Puffer-Jacket-With-Hood-1.jpg,0b6741c72699d7fc00a11dfc956a208a5fc56fb8f4bff7891aab590dc25201db
JACKET-0099,JACKET-0099.jpg,JACKET,800,1000,489.0,https://5.imimg.com/data5/SELLER/Default/2024/1/380510113/FA/GH/KG/89594807/jumpereditedmodels12-1000x1000.png,6f44c301c7cb31e2958d894d3aa745298cf35974bcc17e1027010889a89de72b
JACKET-0100,JACKET-0100.jpg,JACKET,1600,1600,601.9,https://i.ebayimg.com/images/g/J5EAAOSwWT1mexeP/s-l1600.jpg,ac986550b630bd0062f3ba53e6951cc068dd6d70ca8e22ea7bd90220a4011916
DRESS-0021,DRESS-0021.jpg,DRESS,1000,1500,174.1,https://img-va.myshopline.com/image/store/1715397439153/509D07LFA225-Black-1.jpg?w=1000&h=1500,9397721eb7bb3b61f8459839d3b7b217ef359ccce904d78db7a1ec7a93de321e
DRESS-0022,DRESS-0022.jpg,DRESS,1080,1035,897.5,https://africablooms.com/wp-content/uploads/2019/01/Ankara-Dress-Latest-Ankara-Styles-African-Print-Dresses-6.jpg,a7f90862cb28171e36a0fdf7ca57307e43f1ad2f5694e746cc0b11bc48ae6409
DRESS-0023,DRESS-0023.jpg,DRESS,646,1024,61.4,https://cdn.shopify.com/s/files/1/1104/9862/products/Macloth-10402_1024x1024.jpg?v=1571439112,cd1acffe0e0d90ff4ee55646b5396cc0a141a35ff990e0280ab90479667f2443
DRESS-0024,DRESS-0024.jpg,DRESS,870,1110,65.5,https://cdnc.lystit.com/photos/2012/05/02/asos-yellow-asos-summer-dress-with-frill-sweetheart-neck-product-1-3412097-969484271.jpeg,face70f88ae5475d971a94ec3a2d31a89be3660d4dbdedc49df4fde82a22e06a
DRESS-0025,DRESS-0025.jpg,DRESS,683,1024,64.2,https://i.pinimg.com/originals/2a/57/94/2a579472556810eb32e508a7156f49a0.jpg,7a938fac771231440f35d6585337a8fd66a0cc171af4c557556d4e5c4c8bf768
DRESS-0026,DRESS-0026.jpg,DRESS,1524,2032,201.5,https://thetjcollectibles.b-cdn.net/wp-content/uploads/2023/11/Africa-Print-Bubu-Dress.jpg,f223b8a8495d75eb6c639d7355c6ce3d5e6d4e4a6ccf7cdc5629a3e123fd8692
DRESS-0027,DRESS-0027.jpg,DRESS,560,840,60.8,https://www.lulus.com/images/product/xlarge/11478601_2350751.jpg?w=560,26d0b702765e46cde0b70c16d79a31a9cf5da49e0b8c5074a602d9d73694f83c
DRESS-0028,DRESS-0028.jpg,DRESS,1080,1350,251.7,https://i.etsystatic.com/26357678/r/il/a3556c/5279758245/il_1080xN.5279758245_fjw1.jpg,acd48383fd0e34a4b3234391aab5e7768381871ca205919e61b138e6774d7e75
DRESS-0029,DRESS-0029.jpg,DRESS,800,1200,197.9,https://www.maysange.com/19923-large_default/simple-black-cocktail-dress-with-rhinestones-and-simple-mid-long-sleeves.jpg,fe55c218d01db1949b2a04e51349009c41b7a0f729a819f0e77e78a2c8402ae1
DRESS-0030,DRESS-0030.jpg,DRESS,1500,2100,611.0,https://i.pinimg.com/originals/4e/ac/4e/4eac4e9aa1e2d6e5d5086ff880fb5e0e.jpg,818736033ef6943d84235c5c9f16c6edb6f1ee5e207fa9a78517a43b6bed1052
DRESS-0031,DRESS-0031.jpg,DRESS,1365,2048,221.9,https://balticborn.com/cdn/shop/files/mikaela-maxi-dress-blue-floral-558036.jpg?v=1715832068,7927174861e18d245c2c15e4667e1e29eb2aeb1fd15e20cc3060ce06435de3d3
DRESS-0032,DRESS-0032.jpg,DRESS,900,1200,135.3,https://www.ragavi.in/cdn/shop/products/MidnightBlueMidiDress2_1200x1200.jpg?v=1676024950,833e7455cc55cbb90bf8754db3e8380652a4b19b0478b8bbc522a5b8ab13fe9e
DRESS-0033,DRESS-0033.jpg,DRESS,800,1200,147.0,https://www.maysange.com/8883-large_default/knee-lenght-short-black-cocktail-dress.jpg,84f54acc517ffe87a04b31108472010d785802dbc4a000ed066c721cb250766b
DRESS-0034,DRESS-0034.jpg,DRESS,800,1200,158.9,https://www.dollyandbella.com/wp-content/uploads/yellow-dress-6.jpg,e03b9e4829932e60ff9ff76e4ae2d931d6e499805f86d7b6c2b4703ba39c3b44
DRESS-0035,DRESS-0035.jpg,DRESS,800,1100,164.9,https://lh4.googleusercontent.com/-5b0geWK2FuU/TYUF329ff1I/AAAAAAAALKc/YvTzWAjgruM/s1600/Anarkali+Dresses+www.Dress9.blogspot.com+%283%29.jpg,f80ac33cedaf2977026d6bf2af48e94692ecb124ba045df7d3c6a7635c772f33
DRESS-0036,DRESS-0036.jpg,DRESS,1200,1969,460.6,https://www.rufinadesigns.com/cdn/shop/products/AnkaraMaxiDress-Africanprintmaxidress-RufinaDesigns-01_1200x1969.jpg?v=1633407426,915189094f3383731f1e13fe1130845cefcb8a627723bb2e5645598a44b1a4cc
DRESS-0037,DRESS-0037.jpg,DRESS,550,550,16.1,https://image.made-in-china.com/202f0j00UrmvtgMlgHbV/Abayas-Dubai-Middle-East-Simple-Modest-Kaftan-Islamic-Clothing-Women-Muslim-Dresses.webp,66edbad0ef273ee7320d4ee08b2a3f78b46627e2bfef176e1fdb045997b997d2
DRESS-0038,DRESS-0038.jpg,DRESS,2000,2756,214.8,https://peppermayo.co.uk/cdn/shop/files/Spencer-Maxi-Dress-Ivory-Floral-Print-6-Peppermayojpg.jpg?v=1740365392,dc2766c7457c97acdc12e40bb90e8a631a72a20ce19bcd61550f0eadff5000b5
DRESS-0039,DRESS-0039.jpg,DRESS,560,840,37.1,https://www.lulus.com/images/product/xlarge/7226661_1441796.jpg,6f1d03691e91fd7b3fe4550f13bdb3f9e1f75fe4b75366a3044cc1a3a2763087
DRESS-0040,DRESS-0040.jpg,DRESS,476,730,16.7,https://n.nordstrommedia.com/it/013c4229-e8e5-41aa-b9e6-8bb523e39eac.jpeg?h=365&w=240&dpr=2,a8477ba7758856832fdcdceea0110a1be4d0a3d90185828249156b6a81d8dc48
DRESS-0041,DRESS-0041.jpg,DRESS,900,1198,40.4,https://img.ltwebstatic.com/images3_pi/2024/04/30/b5/1714450463c33fafd4fdda3d7654b7a162ff04dbc3_thumbnail_900x.webp,555b80e1ed538d4890679689699af22bd06e52315161f87d292a1d2f3fe32b82
DRESS-0042,DRESS-0042.jpg,DRESS,783,1024,158.0,https://indifeels.com/wp-content/uploads/2022/06/gleaming-butterfly-net-beige-color-floor-length-anarkali-suit-3543-900x12272-1-783x1024.jpg,eb7fcf8229924a2617ad0d664c128805f004da8fabda35763dbfe5ef1c85b086
DRESS-0043,DRESS-0043.jpg,DRESS,1066,1600,157.9,https://www.lapassionvoutee.com/wp-content/uploads/2019/01/African-Print-Maxi-Dress-by-Vixi-Queen.jpg,2a0af912d364799cb0b2b6e1aa595d200ed6657831791661bd5379d0e397642f
DRESS-0044,DRESS-0044.jpg,DRESS,500,500,132.0,https://cdn.onbuy.com/product/65b9a41156bef/500-500/eid-middle-east-flowers-embroidery-hijab-dress-muslim-for-women-modest-robe-turkey-kaftan-dubai-abaya-ramadan-islamic-clothing.jpg,661bacb54e39e922c31b01b047d76e2197c2f788b9b466c64f136ff551ecbedf
DRESS-0045,DRESS-0045.jpg,DRESS,560,840,85.9,https://www.lulus.com/images/product/xlarge/9442281_1900676.jpg?w=560,e37e36319209108f480aca060c6ad8e2405b04d12f0839784ae2d4de13563774
DRESS-0046,DRESS-0046.jpg,DRESS,560,840,57.6,https://www.lulus.com/images/product/xlarge/11484881_2341931.jpg,f0afa50ac4b420511eb10ecb8bd1da4fe5d44e3e6a990954eb1a617b745774c4
DRESS-0047,DRESS-0047.jpg,DRESS,1000,1500,201.9,https://img-va.myshopline.com/image/store/1715397439153/509D07LFA225-Black-2.jpg?w=1000&h=1500,88591fd4c64beec357ec66f2c25c303ec6bcb1f6d71f2a0a8b11e0e2eb88aa67
DRESS-0048,DRESS-0048.jpg,DRESS,600,800,570.1,https://i.pinimg.com/originals/23/45/89/234589033b9f077ef0b16ee06523b50a.png,4d15abeb71755b0772cd020aec9659d7dbc13bed52da4b6c4525825c669ccb95
DRESS-0049,DRESS-0049.jpg,DRESS,800,1200,147.1,https://assets2.andaazfashion.com/media/catalog/product/r/e/resham-embroidered-dupion-white-anarkali-suit-1-1968.jpg,511f29bdb46bdf04c10d5c7aa390256f1d8811fd7f0cd3ca35cf7243fac622ad
DRESS-0050,DRESS-0050.jpg,DRESS,720,846,491.1,http://tjafricanprintdresses.com/cdn/shop/files/Screenshot_20241231-210718.png?v=1735676554,b462f9dc340f9833a0d010fbf3531937ee9860eb7de466bb61546aaad1764c2c
DRESS-0051,DRESS-0051.jpg,DRESS,1800,1800,247.5,https://image.made-in-china.com/2f0j00WOlojsBCNmkS/Middle-East-Luxury-Dubai-Abaya-Eid-Ramadan-Beaded-Abaya-Modest-Dress.jpg,9f6df931ceaf2c0bf7bb4da8751ed27a527fabe7446cacb7ec98a87ab9adbfa4
DRESS-0052,DRESS-0052.jpg,DRESS,660,1024,104.7,https://www.beginningboutique.com.au/cdn/shop/files/ashleypinkfloralformalmaxidress-01_1024x1024.jpg?v=1721344997,9886ea4267127fd5960b3fa9a8ebf06b1afa63a7d136d41c621e39393e149d76
DRESS-0053,DRESS-0053.jpg,DRESS,560,840,71.5,https://www.lulus.com/images/product/xlarge/3704030_751332.jpg,a323ae7ebb75a47da1733d71db35f920e06ff2d7b63e11ad8434578d829fcd1a
DRESS-0054,DRESS-0054.jpg,DRESS,1200,1750,211.9,https://uk.chicwish.com/media/catalog/product/cache/789a34736ead3066d85296b038a5aa03/2/0/201201mm.98.jpg,59d2857f844e6bee38158209cd3c23affad550c6f68d50b0ed6f729619f5f729
DRESS-0055,DRESS-0055.jpg,DRESS,1330,2000,162.8,http://wforwoman.com/cdn/shop/files/23FEW19428-121124_1.jpg?v=1721294122,a8dcbc21ba1f519e1d031c795d8da5a91d253b733e727ef9531fc6afbee64230
DRESS-0056,DRESS-0056.jpg,DRESS,720,960,130.1,https://www.stylesgap.com/wp-content/uploads/2015/07/Indian-Party-Wear-Anarkali-Dresses-Collection-2015-2016-25.jpg,696d4222588662a730c5d3352478aba619c0d6d45d688ce3af21333b51360218
DRESS-0057,DRESS-0057.jpg,DRESS,570,1046,108.1,https://i.pinimg.com/originals/62/12/ef/6212ef44973e277ba1f6ada6affdf268.jpg,2ecbf8b6ed0a338b6d1a40cab1b96b18378a6ae28d49f649518d8d02ea0324e6
DRESS-0058,DRESS-0058.jpg,DRESS,573,573,13.0,https://i5.walmartimages.com/seo/Women-s-Full-Length-Muslim-Gown-Dubai-Middle-East-Modest-Formal-Flowy-Long-Dress-Kaftan-Islamic-Abayas-Prayer-Dress_1abc6f22-e6ea-49bf-8ef8-81b05dc154a8.3ced75544e3b88109ac7b2500b4c861b.jpeg?odnHeight=573&odnWidth=573&odnBg=FFFFFF,e776a39eadd8c0ac43d7bd661be9ba4cc0453876816c7a03d0ee0d83bb1627c0
DRESS-0059,DRESS-0059.jpg,DRESS,1024,1280,394.2,https://www.vicicollection.com/cdn/shop/files/FINAL_38_ID18877-VC-PinkMulti_05-29-24_2961.jpg?v=1716912157,e8028e47e7fa12b71da7914432ece5c2eb1a91539d05feaa7f6eaab60c7a5e7d
DRESS-0060,DRESS-0060.jpg,DRESS,560,840,34.0,https://www.lulus.com/images/product/xlarge/10437541_2170756.jpg,6c9f385511aa94ab05553a3f4b786f1f18c787c4483b15d72cf16c424c19912e
DRESS-0061,DRESS-0061.jpg,DRESS,1200,1600,139.4,https://www.dressedupgirl.com/wp-content/uploads/2014/10/Little-Black-Cocktail-Dress.jpg,f48e12def2c76af4f7cf74365c7e98f7cb8b792de8ba9899feb23f42bd7fad60
DRESS-0062,DRESS-0062.jpg,DRESS,1365,2047,706.6,http://cdn.shopify.com/s/files/1/0800/4863/products/yellow-floral-maxi-dress-with-cut-outs.jpg?v=1591171086,2fe08a7e324ee5e0fef04b9ed53e5658480d871478394f2db9440a129757176c
DRESS-0063,DRESS-0063.jpg,DRESS,800,1100,173.9,https://lh4.googleusercontent.com/-p-CWRi46WKI/TYUDMqLYiyI/AAAAAAAALJ8/NFIpDmLMy20/s1600/Anarkali+Dresses+www.Dress9.blogspot.com+%288%29.jpg,2044ac983be8b2d5346eef6ec93fa99fbf3e01c326b9e2a471880d8f84b6b2f3
DRESS-0064,DRESS-0064.jpg,DRESS,736,837,125.6,https://i.pinimg.com/736x/26/21/16/262116bc03b618b374ca966411f732ec.jpg,15231bcd4e2978caa8ae01cee0d25497d5cf90498b8bdb46538f99153c18d05c
DRESS-0065,DRESS-0065.jpg,DRESS,1920,1919,627.4,https://images.nexusapp.co/assets/fb/9d/5f/201768157.jpg,bb0e9deea7e7659c2b80ae3f39abc147022dae935fb9453c70206908e024b9b9
DRESS-0066,DRESS-0066.jpg,DRESS,1365,2048,212.7,https://www.reddress.com/cdn/shop/files/7-11-24262744.jpg?v=1721152144&width=1365,b55d37daff0cee2dfc19479aef15411a15a373fb934209f613bc86c274103dfa
DRESS-0067,DRESS-0067.jpg,DRESS,1680,2517,250.4,https://www.thedressoutlet.com/cdn/shop/products/dylan-and-davids-short-black-cocktail-dress-the-dress-outlet-1.jpg?v=1736455526&width=1680,d021bc7302826c3e1adb099462240020d6bc93f38b274597f4117bd9ff15998d
DRESS-0068,DRESS-0068.jpg,DRESS,1040,1300,55.5,https://cdna.lystit.com/1040/1300/n/photos/2012/05/17/asos-yellow-asos-midi-summer-dress-with-bow-back-product-4-3523650-946366416.jpeg,470ddc14c5975bedb6dbe454d6f41f3f8fa3ec96653957bf73d3b2f00afe68f4
DRESS-0069,DRESS-0069.jpg,DRESS,800,1100,166.7,https://lh6.googleusercontent.com/-HrwqPv9vkAM/TYUDHcTTHjI/AAAAAAAALJw/fW9iXGV0EPg/s1600/Anarkali+Dresses+www.Dress9.blogspot.com+%2811%29.jpg,1f5be00d33443a2f4b9e2500bbec1db7b6b16fd0bceb4e4d8921cc71639939be
DRESS-0070,DRESS-0070.jpg,DRESS,350,350,11.9,https://sc04.alicdn.com/kf/H973c501124a44c7287a20595b59a8086o.jpg_350x350.jpg,62c0b3b86876a39fc5d4582ca4aa30d0b0cd683a3d1340b685bf89669a25d59f
DRESS-0071,DRESS-0071.jpg,DRESS,560,840,81.3,https://www.lulus.com/images/product/xlarge/10120941_2049416.jpg,dd9346a8a609bb450182f48700c0dae62ac61d034dcb65c01157db25a6c65be3
DRESS-0072,DRESS-0072.jpg,DRESS,1365,2048,165.3,https://www.reddress.com/cdn/shop/files/best-route-navy-blue-midi-dress-168039_1024x1024@2x.jpg?v=1714765027,8f887cd8076f84ec4b102aea2be2d4ebae45cf5b8502a38aee9adec204f46dea
DRESS-0073,DRESS-0073.jpg,DRESS,2002,3000,538.6,https://www.thedressoutlet.com/cdn/shop/products/dylan-and-davids-short-black-cocktail-dress-the-dress-outlet-3.jpg?v=1736455527,0161bb25200ee0238acb1ea8f461ca3ce5d1521dc1e8ac63e98c1103a490e212
DRESS-0074,DRESS-0074.jpg,DRESS,560,840,37.9,https://www.lulus.com/images/product/xlarge/7448121_1472636.jpg?w=560,dbe46ff2c2ca8208c859ade820ada60753da1227d8f8152f3460816b1d1a7279
DRESS-0075,DRESS-0075.jpg,DRESS,800,1100,169.1,https://lh3.googleusercontent.com/-imxLlrfC3sY/TYUDR0ouy6I/AAAAAAAALKI/wpUDGWE6DFY/s1600/Anarkali+Dresses+www.Dress9.blogspot.com+%285%29.jpg,8d3f2a013b1ac34521ddd76480667727d5d706321e3a1aa188164cd3d5ac93c3
DRESS-0076,DRESS-0076.jpg,DRESS,700,933,85.3,https://ankara.co.za/wp-content/uploads/2023/02/Ufefe-African-Print-wing-dress-ankara-apparel-ankara-700x933-1.jpg,83437f6e4c8d5150631aa8a2ada78a01df074d6f70f5024626d37cc64449a935
DRESS-0077,DRESS-0077.jpg,DRESS,1800,1800,571.6,https://ae01.alicdn.com/kf/S0187e1e276534fd18265db42bb4374798.jpg,b6293e215d1d7e12dfee441d8e2e4987899996821dd1d40de7341ec19bc953c0
DRESS-0078,DRESS-0078.jpg,DRESS,1140,1578,175.5,https://cdn-1.azazie.com/upimg/h65/ec/64/57f20e1cabb9d013d01b6abe6c92ec64.jpg.webp,ce68d83bf42eabec04d996e48e2791c08797220012a3843bf3c22ca32b467557
DRESS-0079,DRESS-0079.jpg,DRESS,1080,1440,102.1,http://www.ragavi.in/cdn/shop/products/MidnightBlueMidiDress3.jpg?v=1676024948,3ab9589d3b42c306cd6dafc42cd44bafe498104aedb47c5b9384fe7f9ac4880a
DRESS-0080,DRESS-0080.jpg,DRESS,2784,2784,295.5,https://a.1stdibscdn.com/archivesE/upload/1121189/v_42681031526123392970/4268103_master.jpg,598f5e43cc51ab3c33c1aba69fd443275f3ce4a89dad55c16962d1c07f8e144e
DRESS-0081,DRESS-0081.jpg,DRESS,830,1245,87.9,https://www.lulus.com/images/product/xlarge/8938281_1820976.jpg?w=415&hdpi=1,9e5c703f2dfabc471c834df67f6e2bdadf1606d1e0772f2be388153b6fae9123
DRESS-0082,DRESS-0082.jpg,DRESS,800,1100,158.6,https://lh4.googleusercontent.com/-f2Q8hjnK0Ks/TYUDTjQYCVI/AAAAAAAALKM/lJQx5xkELCY/s1600/Anarkali+Dresses+www.Dress9.blogspot.com+%284%29.jpg,cdd2de42285e3dcc50099174ed0c60a47dbcff216bf69a10631fd45b65925488
DRESS-0083,DRESS-0083.jpg,DRESS,1000,1000,136.1,https://images.nexusapp.co/assets/36/69/6e/442754032.jpg,775b83a87b8bae401729b31dc2a20b2238379a3959d12f5f2cd27fc1dd167c1c
DRESS-0084,DRESS-0084.jpg,DRESS,800,800,125.7,https://image.made-in-china.com/2f0j00HSJRqMzabEos/Modest-Fashion-Lace-Full-Dress-with-Pearls-Robe-Middle-East-Cardigan-Kimono-Islamic-Clothing-Abaya.jpg,1a8e2f2f815e305375e2867eb7dc3ec43b3b3dc75916e9d25cd691d45f0fd1a8
DRESS-0085,DRESS-0085.jpg,DRESS,560,840,72.5,https://www.lulus.com/images/product/xlarge/4549450_926222.jpg,7e76a9e85163a23d3f7a008f0c2615bb5cf8bdb24fddbfaae2f2f3d6f8990abe
DRESS-0086,DRESS-0086.jpg,DRESS,2000,2756,273.9,https://peppermayo.com/cdn/shop/files/Wildflower-Midi-Dress-Blue-6jpg.jpg?v=1736818988,ea8a219374063497720bf0e37855a72a0b06de95e2c91729e34bad25ae899576
DRESS-0087,DRESS-0087.jpg,DRESS,600,900,123.1,https://www.thecelebritydresses.com/media/catalog/product/cache/1/image/650x/040ec09b1e35df139433887a97daa66f/b/l/black-ruffled-tulle-short-sleeves-cocktail-dress.jpg,63fbd83e0a2ab5d7d733c93fa9be459ce2e735455fe9949d3685d488a7182e57
DRESS-0088,DRESS-0088.jpg,DRESS,2000,3000,1017.3,https://i.etsystatic.com/9635813/r/il/f4dc58/3192645740/il_fullxfull.3192645740_n5se.jpg,f5abd1b7f5477401d74ea665e796d71c07bf71461ceb4a9f208ca37fc0434305
DRESS-0089,DRESS-0089.jpg,DRESS,800,800,42.5,https://ntoshimart.co.za/storage/2024/10/ELEGANT-AFRICAN-PRINT-DRESS.jpg,97dff861c565f6df32807c8ed2eb80826ae0b41f548ac5b339c17dc49a0f20cd
DRESS-0090,DRESS-0090.jpg,DRESS,2000,2756,283.4,https://peppermayo.com/cdn/shop/files/Seline-MAxi-Dress-Pink-Floral-5jpg.jpg?v=1738023083,054ece13d9b10ab9297456f289bb3de8327f818c2d46c0035b8bf6a7e4f10e58
DRESS-0091,DRESS-0091.jpg,DRESS,2000,2756,230.6,https://peppermayo.co.uk/cdn/shop/files/Sashi-Halterneck-Midi-Dress-Pale-Blue-2-Peppermayojpg.jpg?v=1733106821,30a4041ff973ccbe6ca773ca026a6778ad66982b0ba1e70b18de387453b60dd6
DRESS-0092,DRESS-0092.jpg,DRESS,670,900,70.8,http://cdn.shopify.com/s/files/1/0028/3751/2236/products/black-cocktail-dresses-short-homecoming-dresses-aline-cocktail-dress-lace-cocktail-dress-cd00011-1_1200x1200.jpg?v=1532327567,7976fa5caf84add64cc2e2b992d92a8456c4a37c66a954a97305b02a611c4144
DRESS-0093,DRESS-0093.jpg,DRESS,705,738,114.9,https://9eba410b89d8c2b814f2-f653ee9e3b6aad4b2107b6a1ab482f61.ssl.cf2.rackcdn.com/product-hugerect-3065606-112265-1607280110-d80258b58c4e4592c64ab54fa408f3df.jpg,39ba6aa028da7b83db4e589ae1b508418b771906e42189213a39ba49e5efbb2b
DRESS-0094,DRESS-0094.jpg,DRESS,800,1100,155.5,https://1.bp.blogspot.com/-7cQnSOt6pAM/UlWuvnEOWSI/AAAAAAABb6Y/bZAT3-dn6ps/s1600/latest+indian+anarkali+dresses+%289%29.jpg,e493acbf8cf0986da79ca5e31cfdc32f7bc72ae9b33b5b1c00668011c356c51b
DRESS-0095,DRESS-0095.jpg,DRESS,1761,1761,1498.6,https://thetjcollectibles.b-cdn.net/wp-content/uploads/2023/01/88AD3D9B-909D-4D4C-B98D-A77F249D86F4.jpg,95c50ccf6035fba373ccebf02503cfbc5abb61df1afaa1af167c0545a73e85b1
DRESS-0096,DRESS-0096.jpg,DRESS,480,480,62.9,https://p.globalsources.com/IMAGES/PDT/B1224563649/clothing-in-india.jpg?ver=6095094808,bd3746d7fd76fee6037ac1a13627d2733a3d7a1e910cc3deb9d65ac6f532e4c6
DRESS-0098,DRESS-0098.jpg,DRESS,1080,1080,191.1,https://www.self-portrait.com/cdn/shop/files/AW25-931M-BL_4.jpg?v=1751543509&width=1080,b32f69c042a4a78aa6343ae655de0d6c3627cf76dd83f50ba4c24f5cf5c718c0
DRESS-0099,DRESS-0099.jpg,DRESS,1200,1800,705.3,https://www.dressedupgirl.com/wp-content/uploads/2015/01/Black-Lace-Cocktail-Dress-Photos.jpg,f0c88cab337ac2cb7047f2e8353366b2a4ebf28cfa91d801438633402fef40e5
DRESS-0100,DRESS-0100.jpg,DRESS,1500,2000,300.0,https://images-na.ssl-images-amazon.com/images/I/81XutbwabdL.jpg,e0531a5a369a302475c636b04f9d6e2c8cc6c782305295bc3fa5e84b25cc1ac9
